LVPos;LVText;EntityType;Layer;Handle;Length;Area
;;Polyline;F_Humusfläche_3;5C30;52.747;0
;;Polyline;F_Humusfläche_3;5C30;52.747;0
;;Polyline2d;F_Tok;6096;8.706;0
;;Polyline;F_Humusfläche_3;5C30;52.747;0
;;Polyline2d;F_Tok;6096;8.706;0
;;Polyline2d;F_Tok;60C1;14.291;0
;;Polyline;F_Humusfläche_3;5C30;52.747;0
;;Polyline2d;F_Tok;6096;8.706;0
;;Polyline2d;F_Tok;60C1;14.291;0
;;Polyline;RR_Linie_Rigole;9459;39.518;23.99
;;Line;RR_Linie_Rigole_Rohr;9458;18.525;0
;;Line;RR_Linie_Rigole_Rohr;9457;18.525;0
;;Arc;RR_Linie_Strichliert;8B3E;35.736;0
;;Line;DFK_Ainring$0$DFK_Grenzlinie;89F6;23.231;0
;;Polyline;F_Leistenstein_Granit;602E;198.536;0
;;Polyline;F_Asphalt_Fahrbahn;5E83;724.077;0
;;Polyline;F_1zeiler_Granit;5D23;46.268;0
;;Polyline;F_Asphaltflächen_Gehweg;5B89;385.697;0
;;Polyline;F_Asphaltfläche_Privat_4;5B7F;104.778;0
;;Line;DFK_Ainring$0$DFK_Grenzlinie;5A10;23.231;0
;;Polyline;F_Humusfläche_3;5C30;52.747;0
;;Polyline2d;F_Tok;6096;8.706;0
;;Polyline2d;F_Tok;60C1;14.291;0
;;Polyline;RR_Linie_Rigole;9459;39.518;23.99
;;Line;RR_Linie_Rigole_Rohr;9458;18.525;0
;;Line;RR_Linie_Rigole_Rohr;9457;18.525;0
;;Arc;RR_Linie_Strichliert;8B3E;35.736;0
;;Line;DFK_Ainring$0$DFK_Grenzlinie;89F6;23.231;0
;;Polyline;F_Leistenstein_Granit;602E;198.536;0
;;Polyline;F_Asphalt_Fahrbahn;5E83;724.077;0
;;Polyline;F_1zeiler_Granit;5D23;46.268;0
;;Polyline;F_Asphaltflächen_Gehweg;5B89;385.697;0
;;Polyline;F_Asphaltfläche_Privat_4;5B7F;104.778;0
;;Line;DFK_Ainring$0$DFK_Grenzlinie;5A10;23.231;0
;;Polyline2d;0;D8A3;1;0
;;Polyline2d;0;D864;1;0
;;Polyline;F_1zeiler_Granit;D85F;23.24;0
;;Polyline2d;0;D85A;1;0
;;Polyline2d;0;D851;1;0
;;Polyline2d;0;D848;1;0
;;Polyline2d;0;D843;1;0
;;Polyline2d;0;D724;1;0
;;Polyline2d;0;D71B;1;0
;;Polyline;F_1zeiler_Granit;D716;15.132;0
;;Polyline2d;0;D711;1;0
;;Polyline2d;0;D3DF;2.623;0
;;Polyline2d;0;D3D9;1;0
;;Polyline2d;0;D3D4;0.333;0
;;Polyline2d;0;D3C4;0.333;0
;;Circle;RW_Kanal_DN200;954D;4.712;1.767
;;Circle;RW_Kanal_DN200;954C;4.712;1.767
;;Polyline2d;KB_Beschriftung;9547;1.973;0
;;Polyline2d;KB_Beschriftung;953E;2.723;0
;;Polyline2d;RW_Kanal_DN150;9534;8.431;0
;;Polyline2d;F_SSK_50x50;9525;1.914;0
;;Polyline2d;F_SSK_50x50;951F;2;0
;;Polyline2d;KB_Beschriftung;9516;3.043;0
;;Polyline2d;KB_Beschriftung;950D;3.043;0
;;Polyline2d;KB_Beschriftung;9504;2.686;0
;;Polyline2d;KB_Beschriftung;94FB;2.4;0
;;Polyline2d;KB_Beschriftung;94F2;2.248;0
;;Polyline2d;KB_Beschriftung;94E9;2.508;0
;;Polyline2d;KB_Beschriftung;94E0;2.494;0
;;Polyline2d;KB_Beschriftung;94D7;3.321;0
;;Polyline2d;RW_Kanal_DN150;94CF;0.903;0
;;Polyline2d;KB_Beschriftung;94C2;6.637;0
;;Polyline2d;KB_Beschriftung;94BD;6.627;0
;;Polyline2d;KB_Beschriftung;94B0;4.431;0
;;Polyline2d;KB_Beschriftung;94AB;3.504;0
;;Polyline2d;KB_Beschriftung;949A;3.504;0
;;Polyline2d;KB_Beschriftung;9491;3;0
;;Polyline2d;KB_Beschriftung;948C;3;0
;;Polyline;RR_Linie_Rigole_Rohr;9478;17.498;0
;;Polyline;RR_Linie_Rigole_Rohr;9477;18.282;0
;;Polyline;RR_Linie_Rigole;9476;22.4;19.8
;;Circle;RW_Kanal_DN200;946E;4.712;1.767
;;Circle;RW_Kanal_DN200;946D;5.655;2.545
;;Circle;RW_Kanal_DN200;946C;2.513;0.503
;;Circle;RR_Linie_Rigole_Schacht;946B;2.513;0.503
;;Circle;RW_Kanal_DN200;946A;4.712;1.767
;;Circle;RW_Kanal_DN200;9469;5.655;2.545
;;Circle;RW_Kanal_DN200;9468;2.513;0.503
;;Polyline;RR_Linie_Rigole;9467;36.605;22.1
;;Line;RR_Linie_Rigole_Rohr;9466;17.13;0
;;Line;RR_Linie_Rigole_Rohr;9465;17.134;0
;;Circle;RW_Kanal_DN200;9455;4.712;1.767
;;Circle;RW_Kanal_DN200;9454;5.655;2.545
;;Circle;RW_Kanal_DN200;9453;2.513;0.503
;;Polyline2d;Speedpipe2x10;944F;3.822;0
;;Polyline;RW_Kanal_DN200;944E;0;0
;;Polyline;RW_Kanal_DN200;944D;0.006;0
;;Circle;RW_Kanal_DN200;944C;4.712;1.767
;;Circle;RW_Kanal_DN200;944B;5.655;2.545
;;Circle;RW_Kanal_DN200;944A;2.513;0.503
;;Circle;RW_Kanal_DN200;9449;4.712;1.767
;;Circle;RW_Kanal_DN200;9448;5.655;2.545
;;Circle;RW_Kanal_DN200;9447;2.513;0.503
;;Circle;RR_Linie_Rigole_Schacht;9446;2.513;0.503
;;Circle;RW_Kanal_DN200;9445;2.513;0.503
;;Circle;RW_Kanal_DN200;9444;2.513;0.503
;;Circle;RW_Kanal_DN200;9443;2.513;0.503
;;Polyline2d;KB_Beschriftung;938E;2.882;0
;;Polyline2d;KB_Beschriftung;9345;1.451;0
;;Polyline2d;KB_Beschriftung;933B;1.513;0
;;Polyline2d;KB_Beschriftung;9332;1.513;0
;;Polyline2d;KB_Beschriftung;9329;1.566;0
;;Polyline2d;KB_Beschriftung;9320;1.513;0
;;Polyline2d;KB_Beschriftung;9317;1.554;0
;;Polyline2d;KB_Beschriftung;930E;1.577;0
;;Polyline2d;KB_Beschriftung;9309;1.776;0
;;Polyline2d;KB_Beschriftung;9300;2.396;0
;;Polyline2d;KB_Beschriftung;92F7;2.396;0
;;Polyline2d;KB_Beschriftung;92E7;3.567;0
;;Polyline2d;KB_Beschriftung;92DE;2.924;0
;;Polyline2d;KB_Beschriftung;92D5;2.525;0
;;Polyline2d;KB_Beschriftung;92CC;2.425;0
;;Polyline2d;KB_Beschriftung;92C3;2.481;0
;;Polyline2d;KB_Beschriftung;92BE;2.396;0
;;Polyline2d;KB_Beschriftung;92B5;3.214;0
;;Polyline2d;KB_Beschriftung;92A8;2.396;0
;;Polyline2d;KB_Beschriftung;929F;2.594;0
;;Polyline2d;KB_Beschriftung;9296;2.847;0
;;Polyline2d;KB_Beschriftung;928D;2.396;0
;;Polyline2d;KB_Beschriftung;9284;1.801;0
;;Polyline2d;KB_Beschriftung;927B;3.431;0
;;Polyline2d;KB_Beschriftung;9272;2.754;0
;;Polyline2d;KB_Beschriftung;9265;1.624;0
;;Polyline2d;KB_Beschriftung;925C;1.97;0
;;Polyline2d;KB_Beschriftung;9253;2.462;0
;;Polyline2d;KB_Beschriftung;9245;3.004;0
;;Polyline2d;KB_Beschriftung;923C;2.475;0
;;Polyline2d;KB_Beschriftung;9233;2.721;0
;;Polyline2d;KB_Beschriftung;922A;2.862;0
;;Polyline2d;KB_Beschriftung;9221;2.37;0
;;Polyline2d;KB_Beschriftung;9218;2.723;0
;;Polyline2d;KB_Beschriftung;920F;2.723;0
;;Polyline2d;KB_Beschriftung;9206;2.925;0
;;Polyline2d;KB_Beschriftung;91F9;2.494;0
;;Polyline2d;KB_Beschriftung;91EF;2.038;0
;;Polyline2d;KB_Beschriftung;91E6;2.163;0
;;Polyline2d;KB_Beschriftung;91DD;1.98;0
;;Polyline2d;KB_Beschriftung;91D4;2.162;0
;;Polyline2d;KB_Beschriftung;91CB;3.416;0
;;Polyline2d;KB_Beschriftung;91C1;2.654;0
;;Polyline2d;KB_Beschriftung;91B8;2.148;0
;;Polyline2d;KB_Beschriftung;91AF;2.615;0
;;Polyline2d;KB_Beschriftung;91A6;2.615;0
;;Polyline2d;RW_Kanal_DN200;9197;1.297;0
;;Polyline2d;RW_Kanal_DN150;9190;11.265;0
;;Polyline2d;RW_Kanal_DN200;9188;7.728;0
;;Polyline2d;RW_Kanal_DN200;9182;3.477;0
;;Polyline2d;RW_Kanal_DN150;9175;19.808;0
;;Polyline2d;RW_Kanal_DN150;9170;4.554;0
;;Polyline2d;RW_Kanal_DN150;9168;6.44;0
;;Polyline2d;RW_Kanal_DN200;9163;2.744;0
;;Polyline2d;RW_Kanal_DN150;9153;18.369;0
;;Polyline2d;RW_Kanal_DN200;914A;21.403;0
;;Polyline2d;RW_Kanal_DN150;9145;1.174;0
;;Polyline2d;RW_Kanal_DN200;913C;23.516;0
;;Polyline2d;RW_Kanal_DN150;9138;0.994;0
;;Polyline2d;RW_Kanal_DN150;912F;21.98;0
;;Polyline2d;RW_Kanal_DN150;9123;12.859;0
;;Polyline2d;RW_Kanal_DN150;911C;3.965;0
;;Polyline2d;RW_Kanal_DN200;9117;1.783;0
;;Polyline2d;RW_Kanal_DN150;90FA;0.967;0
;;Polyline2d;RW_Kanal_DN200;90F1;12.759;0
;;Polyline2d;RW_Kanal_DN150;90EA;5.425;0
;;Polyline2d;RW_Kanal_DN150;90E1;11.625;0
;;Arc;KB_Rohr_RW;8DE8;0.356;0
;;Arc;KB_Rohr_RW;8DE7;0.116;0
;;Arc;KB_Schacht_RW;8DE6;1.279;0
;;Arc;KB_Schacht_RW;8DE5;0.354;0
;;Arc;KB_Schacht_RW;8DE4;0.347;0
;;Arc;KB_Schacht_RW;8DE3;0.993;0
;;Line;Verm_Linie_Hecke;8DE2;4.97;0
;;Line;Verm_Linie_Hecke;8DE1;10.601;0
;;Circle;KB_Schacht_RW;8DE0;4.712;1.767
;;Circle;KB_Rohr_RW;8DDF;0.471;0.018
;;Circle;KB_Schacht_RW;8DDE;3.142;0.785
;;Circle;KB_Rohr_RW;8DDB;0.471;0.018
;;Circle;KB_Rohr_RW;8DDA;0.471;0.018
;;Circle;KB_Rohr_RW;8DD6;0.817;0.053
;;Circle;KB_Schacht_RW;8DD5;6.283;3.142
;;Circle;KB_Schacht_RW;8DD4;4.712;1.767
;;Circle;KB_Schacht_RW;8DD3;4.712;1.767
;;Circle;KB_Rohr_RW;8DD2;0.942;0.071
;;Line;KB_Rohr_RW;8DCB;0.602;0
;;Line;Verm_Linie_Bauwerk;8DC4;1.933;0
;;Line;Verm_Linie_Bauwerk;8DC3;2.13;0
;;Line;Verm_Linie_Bauwerk;8DC2;0.571;0
;;Line;Verm_Linie_Bauwerk;8DC1;2.55;0
;;Polyline;Verm_Linie_Geländekante;8DC0;24.154;0
;;Polyline;Verm_Linie_Geländekante;8DBF;20;0
;;Line;Verm_Linie_Bauwerk;8DBE;0.593;0
;;Line;Verm_Linie_Bauwerk;8DBD;0.571;0
;;Line;Verm_Linie_Bauwerk;8DBC;2.332;0
;;Polyline;Verm_Linie_Geländekante;8DBB;2.234;0
;;Line;Verm_Linie_Hecke;8DBA;0.759;0
;;Line;0;8DB9;0.16;0
;;Line;0;8DB8;426.233;0
;;Line;0;8DB7;426.233;0
;;Line;0;8DB6;426.233;0
;;Polyline;Verm_Linie_Einfassungen_Bord_Zeiler_Leistenstein;8DB5;3.987;0
;;Polyline;Verm_Linie_Einfassungen_Bord_Zeiler_Leistenstein;8DB4;4.162;0
;;Polyline;Verm_Linie_Einfassungen_Bord_Zeiler_Leistenstein;8DB3;4.069;0
;;Polyline;Verm_Linie_Einfassungen_Bord_Zeiler_Leistenstein;8DB2;15.966;0
;;Polyline;Verm_Linie_Einfassungen_Bord_Zeiler_Leistenstein;8DB1;16.023;0
;;Polyline;Verm_Linie_Einfassungen_Bord_Zeiler_Leistenstein;8DB0;17.582;0
;;Polyline;Verm_Linie_Einfassungen_Bord_Zeiler_Leistenstein;8DAF;17.553;0
;;Line;Verm_Linie_Betonteil_Treppe;8DAE;1.114;0
;;Line;Verm_Linie_Betonteil_Treppe;8DAD;1.102;0
;;Line;Verm_Linie_Hecke;8DAC;1.265;0
;;Polyline;Verm_Linie_Einfassungen_Bord_Zeiler_Leistenstein;8DAB;37.535;0
;;Polyline;Verm_Linie_Einfassungen_Bord_Zeiler_Leistenstein;8DAA;37.675;0
;;Line;Verm_Linie_Einfassungen_Bord_Zeiler_Leistenstein;8DA9;4.854;0
;;Line;0;8DA8;0.657;0
;;Line;Verm_Linie_Bauwerk;8DA7;2.745;0
;;Line;Verm_Linie_Bauwerk;8DA6;0.595;0
;;Line;Verm_Linie_Bauwerk;8DA5;1.797;0
;;Line;Verm_Linie_Bauwerk;8DA4;0.376;0
;;Line;Verm_Linie_Betonteil_Treppe;8DA3;0.711;0
;;Line;Verm_Linie_Betonteil_Treppe;8DA2;0.711;0
;;Line;Verm_Linie_Betonteil_Treppe;8DA1;2.129;0
;;Line;Verm_Linie_Betonteil_Treppe;8DA0;1.194;0
;;Line;Verm_Linie_Betonteil_Treppe;8D9F;2.771;0
;;Line;Verm_Linie_Betonteil_Treppe;8D9E;1.185;0
;;Polyline;Verm_Linie_Einfassungen_Bord_Zeiler_Leistenstein;8D9D;7.883;0
;;Polyline;Verm_Linie_Einfassungen_Bord_Zeiler_Leistenstein;8D9C;8.039;0
;;Polyline;Verm_Linie_Einfassungen_Bord_Zeiler_Leistenstein;8D9B;4.444;0
;;Polyline;Verm_Linie_Einfassungen_Bord_Zeiler_Leistenstein;8D9A;4.449;0
;;Line;Verm_Linie_Fahrbahn_unbefestigt;8D99;1.415;0
;;Line;Verm_Linie_Fahrbahn_unbefestigt;8D98;3.056;0
;;Line;Verm_Linie_Fahrbahn_unbefestigt;8D97;1.75;0
;;Line;Verm_Linie_Fahrbahn_unbefestigt;8D96;1.608;0
;;Line;Verm_Linie_Fahrbahn_unbefestigt;8D95;2.642;0
;;Line;Verm_Linie_Fahrbahn_unbefestigt;8D94;3.494;0
;;Line;Verm_Linie_Hecke;8D93;1.326;0
;;Line;Verm_Linie_Hecke;8D92;2.953;0
;;Line;Verm_Linie_Hecke;8D91;2.329;0
;;Line;Verm_Linie_Hecke;8D90;4.593;0
;;Line;Verm_Linie_Hecke;8D8F;4.84;0
;;Line;Verm_Linie_Hecke;8D8E;5.184;0
;;Line;Verm_Linie_Hecke;8D8D;5.355;0
;;Line;Verm_Linie_Hecke;8D8C;4.906;0
;;Line;Verm_Linie_Hecke;8D8B;4.906;0
;;Line;Verm_Linie_Hecke;8D8A;4.972;0
;;Line;Verm_Linie_Hecke;8D89;4.235;0
;;Line;Verm_Linie_Hecke;8D88;4.749;0
;;Line;Verm_Linie_Hecke;8D87;3.282;0
;;Line;Verm_Linie_Hecke;8D86;0.35;0
;;Line;Verm_Linie_Geländekante;8D39;9.071;0
;;Line;Verm_Linie_Geländekante;8D38;1.451;0
;;Line;Verm_Linie_Geländekante;8D37;9.24;0
;;Line;Verm_Linie_Geländekante;8D36;8.313;0
;;Line;Verm_Linie_Geländekante;8D33;5.856;0
;;Line;Verm_Linie_Geländekante;8D32;7.92;0
;;Line;Verm_Linie_Gleis_Achse;8D2B;61.439;0
;;Line;Verm_Linie_Gleis;8D2A;65.447;0
;;Line;Verm_Linie_Gleis;8D29;57.431;0
;;Line;Verm_Linie_Geländekante;8D28;3.297;0
;;Line;Verm_Linie_Schaltschrank_Schächte;8D27;0.705;0
;;Line;Verm_Linie_Schaltschrank_Schächte;8D26;0.485;0
;;Line;Verm_Linie_Betonteil_Treppe;8D25;1.74;0
;;Line;Verm_Linie_Betonteil_Treppe;8D24;4.736;0
;;Line;Verm_Linie_Betonteil_Treppe;8D23;7.264;0
;;Line;Verm_Linie_Betonteil_Treppe;8D22;6.812;0
;;Line;Verm_Linie_Betonteil_Treppe;8D21;4.785;0
;;Line;Verm_Linie_Schaltschrank_Schächte;8D20;1.489;0
;;Line;Verm_Linie_Schaltschrank_Schächte;8D1F;0.764;0
;;Line;Verm_Linie_Bauwerk;8D1E;425.037;0
;;Line;Verm_Linie_Bauwerk;8D1D;4.366;0
;;Line;Verm_Linie_Bauwerk;8D1C;7.539;0
;;Line;Verm_Linie_Bauwerk;8D1B;7.54;0
;;Line;Verm_Linie_Bauwerk;8D1A;5.463;0
;;Line;Verm_Linie_Geländekante;8D19;2.285;0
;;Line;Verm_Linie_Geländekante;8D18;2.596;0
;;Line;Verm_Linie_Geländekante;8D17;133.868;0
;;Line;Verm_Linie_Geländekante;8D16;15.146;0
;;Line;Verm_Linie_Geländekante;8D15;4.727;0
;;Line;Verm_Linie_Geländekante;8D14;3.409;0
;;Line;Verm_Linie_Geländekante;8D13;0.733;0
;;Line;Verm_Linie_Bauwerk;8D12;3.022;0
;;Line;Verm_Linie_Bauwerk;8D11;5.584;0
;;Line;Verm_Linie_Schaltschrank_Schächte;8D10;0.705;0
;;Line;Verm_Linie_Schaltschrank_Schächte;8D0F;0.485;0
;;Line;Verm_Linie_Betonteil_Treppe;8D0E;1.316;0
;;Line;Verm_Linie_Geländekante;8D0D;17.064;0
;;Line;Verm_Linie_Geländekante;8D0C;2.769;0
;;Line;Verm_Linie_Geländekante;8D0B;1.57;0
;;Line;Verm_Linie_Geländekante;8D0A;2.346;0
;;Line;Verm_Linie_Geländekante;8D09;5.478;0
;;Line;Verm_Linie_Geländekante;8D08;5.782;0
;;Line;Verm_Linie_Geländekante;8D07;4.652;0
;;Line;Verm_Linie_Geländekante;8D06;4.839;0
;;Line;Verm_Linie_Geländekante;8D05;6.203;0
;;Line;Verm_Linie_Geländekante;8D04;5.513;0
;;Line;Verm_Linie_Geländekante;8D03;3.296;0
;;Line;Verm_Linie_Geländekante;8D02;5.85;0
;;Line;Verm_Linie_Geländekante;8D01;6.229;0
;;Line;Verm_Linie_Geländekante;8D00;5.399;0
;;Line;Verm_Linie_Geländekante;8CFF;6.547;0
;;Line;Verm_Linie_Geländekante;8CFE;7.145;0
;;Line;Verm_Linie_Geländekante;8CFD;6.034;0
;;Line;Verm_Linie_Geländekante;8CFC;1.804;0
;;Line;Verm_Linie_Geländekante;8CFB;3.651;0
;;Line;Verm_Linie_Geländekante;8CFA;11.09;0
;;Line;Verm_Linie_Schaltschrank_Schächte;8CF9;1.489;0
;;Line;Verm_Linie_Schaltschrank_Schächte;8CF8;0.764;0
;;Line;Verm_Linie_Betonteil_Treppe;8CF7;1.795;0
;;Line;Verm_Linie_Betonteil_Treppe;8CF6;4.743;0
;;Line;Verm_Linie_Betonteil_Treppe;8CF5;7.285;0
;;Line;Verm_Linie_Betonteil_Treppe;8CF4;6.845;0
;;Line;Verm_Linie_Betonteil_Treppe;8CF3;4.762;0
;;Line;RR_Beschriftung_Achse;8C94;0.606;0
;;Line;RR_Beschriftung_Achse;8C91;6.106;0
;;Line;RR_Beschriftung_Achse;8C8D;2.5;0
;;Polyline;RR_Beschriftung_Achse;8C8C;2.244;0
;;Line;RR_Beschriftung_Achse;8C89;8;0
;;Line;RR_Beschriftung_Achse;8C85;2.5;0
;;Polyline;RR_Beschriftung_Achse;8C84;2.244;0
;;Line;RR_Beschriftung_Achse;8C81;8;0
;;Line;RR_Beschriftung_Achse;8C7D;2.5;0
;;Polyline;RR_Beschriftung_Achse;8C7C;2.244;0
;;Line;RR_Beschriftung_Achse;8C7B;8;0
;;Circle;RR_Beschriftung_Achse;8C79;0.628;0.031
;;Line;RR_Beschriftung_Achse;8C78;8;0
;;Circle;RR_Beschriftung_Achse;8C76;0.628;0.031
;;Line;RR_Beschriftung_Achse;8C75;8;0
;;Circle;RR_Beschriftung_Achse;8C73;0.628;0.031
;;Line;RR_Beschriftung_Achse;8C72;8;0
;;Circle;RR_Beschriftung_Achse;8C70;0.628;0.031
;;Line;RR_Beschriftung_Achse;8C6F;8;0
;;Circle;RR_Beschriftung_Achse;8C6D;0.628;0.031
;;Line;RR_Beschriftung_Achse;8C6C;8;0
;;Circle;RR_Beschriftung_Achse;8C6A;0.628;0.031
;;Line;RR_Beschriftung_Achse;8C69;8;0
;;Circle;RR_Beschriftung_Achse;8C67;0.628;0.031
;;Line;RR_Beschriftung_Achse;8C66;8;0
;;Circle;RR_Beschriftung_Achse;8C64;0.628;0.031
;;Line;RR_Beschriftung_Achse;8C63;8;0
;;Circle;RR_Beschriftung_Achse;8C61;0.628;0.031
;;Line;RR_Beschriftung_Achse;8C60;8;0
;;Circle;RR_Beschriftung_Achse;8C5E;0.628;0.031
;;Line;RR_Beschriftung_Achse;8C5D;8;0
;;Line;RR_Beschriftung_Achse;8C5B;8;0
;;Circle;RR_Beschriftung_Achse;8C59;0.628;0.031
;;Line;RR_Beschriftung_Achse;8C58;8;0
;;Line;RR_Beschriftung_Achse;8C56;8;0
;;Circle;RR_Beschriftung_Achse;8C54;0.628;0.031
;;Line;RR_Beschriftung_Achse;8C53;8;0
;;Circle;RR_Beschriftung_Achse;8C51;0.628;0.031
;;Line;RR_Beschriftung_Achse;8C50;8;0
;;Circle;RR_Beschriftung_Achse;8C4E;0.628;0.031
;;Line;RR_Beschriftung_Achse;8C4D;8;0
;;Circle;RR_Beschriftung_Achse;8C4B;0.628;0.031
;;Line;RR_Beschriftung_Achse;8C4A;8;0
;;Line;Sparten$0$KB_Rohr_MW;8C3A;2.444;0
;;Line;Sparten$0$KB_Rohr_MW;8C39;13.052;0
;;Line;RR_Linie_Strichliert;8C2D;4.834;0
;;Line;RR_Linie_Quergefälle;8C21;5.5;0
;;Polyline;RR_Linie_Quergefälle;8C20;3.649;0.32
;;Circle;RR_Linie_Rigole_Schacht;8C1F;4.524;1.629
;;Circle;RR_Linie_Rigole_Schacht;8C1E;3.77;1.131
;;Line;RR_Linie_Gehweg Übergand 6 bzw 10 cm Tragdeckschicht;8C18;1.38;0
;;Line;RR_Linie_Gehweg Übergand 6 bzw 10 cm Tragdeckschicht;8C17;1.38;0
;;Line;RR_Linie_Gehweg Übergand 6 bzw 10 cm Tragdeckschicht;8C16;1.38;0
;;Line;RR_Linie_Gehweg Übergand 6 bzw 10 cm Tragdeckschicht;8C15;1.3;0
;;Line;RR_Linie_Gehweg Übergand 6 bzw 10 cm Tragdeckschicht;8C14;1.3;0
;;Line;RR_Linie_Strichliert;8BF5;3.38;0
;;Polyline;RR_Linie_Strichliert;8BE4;15.435;0
;;Polyline2d;RR_Beschriftung_Querschnitte;8BDF;2.25;0
;;Polyline2d;RR_Beschriftung_Querschnitte;8BDA;1.5;0
;;Polyline2d;RR_Beschriftung_Querschnitte;8BD5;2.25;0
;;Line;RR_Hilf für Rahmen und Schnittlinien;8BD2;11.5;0
;;Polyline2d;RR_Beschriftung_Querschnitte;8BCC;2.25;0
;;Line;RR_Hilf für Rahmen und Schnittlinien;8BCB;3.5;0
;;Polyline2d;RR_Beschriftung_Querschnitte;8BC6;1.5;0
;;Polyline2d;RR_Beschriftung_Querschnitte;8BC1;2.25;0
;;Line;RR_Linie_Strichliert;8B41;2.897;0
;;Line;RR_Linie_Strichliert;8B40;0.487;0
;;Arc;RR_Linie_Strichliert;8B3F;4.672;0
;;Arc;RR_Linie_Strichliert;8B3D;12.623;0
;;Line;RR_Linie_Quergefälle;8B3C;1.64;0
;;Line;DFK_Ainring$0$DFK_Gebäude;8B2F;10.514;0
;;Line;DFK_Ainring$0$DFK_Gebäude;8B2E;10.516;0
;;Line;DFK_Ainring$0$DFK_Gebäude;8B2D;10.049;0
;;Line;DFK_Ainring$0$DFK_Gebäude;8B2C;3.1;0
;;Polyline;DFK_Ainring$0$DFK_Gebäude;8B2B;46.793;0
;;Polyline;DFK_Ainring$0$DFK_Gebäude;8B2A;59.328;179.811
;;Polyline;DFK_Ainring$0$DFK_Gebäude;8B29;29.604;52.101
;;Polyline;DFK_Ainring$0$DFK_Gebäude;8B28;44.766;124.002
;;Polyline;DFK_Ainring$0$DFK_Gebäude;8B27;15.389;13.132
;;Polyline;DFK_Ainring$0$DFK_Gebäude;8B26;23.615;22.563
;;Polyline;DFK_Ainring$0$DFK_Gebäude;8B25;1.622;0
;;Polyline;DFK_Ainring$0$DFK_Gebäude;8B24;29.016;0
;;Polyline;DFK_Ainring$0$DFK_Gebäude;8B23;17.218;16.971
;;Polyline;DFK_Ainring$0$DFK_Gebäude;8B22;52.554;121.999
;;Polyline;DFK_Ainring$0$DFK_Gebäude;8B21;34.022;63.017
;;Polyline;DFK_Ainring$0$DFK_Gebäude;8B20;13.18;0
;;Polyline;DFK_Ainring$0$DFK_Gebäude;8B1F;35.139;68.047
;;Polyline;DFK_Ainring$0$DFK_Gebäude;8B1E;30.963;0
;;Polyline;DFK_Ainring$0$DFK_Gebäude;8B1D;8.46;0
;;Polyline;DFK_Ainring$0$DFK_Gebäude;8B1C;28.255;0
;;Polyline;DFK_Ainring$0$DFK_Gebäude;8B1B;35.285;0
;;Polyline;DFK_Ainring$0$DFK_Gebäude;8B1A;45.229;95.543
;;Polyline;DFK_Ainring$0$DFK_Gebäude;8B19;96.026;351.641
;;Polyline;DFK_Ainring$0$DFK_Gebäude;8B18;53.339;155.488
;;Polyline;DFK_Ainring$0$DFK_Gebäude;8B17;46.049;125.764
;;Polyline;DFK_Ainring$0$DFK_Gebäude;8B16;42.917;109.344
;;Polyline;DFK_Ainring$0$DFK_Gebäude;8B15;21.932;0
;;Polyline;DFK_Ainring$0$DFK_Gebäude;8B14;14.119;0
;;Polyline;DFK_Ainring$0$DFK_Gebäude;8B13;5.513;0
;;Polyline;DFK_Ainring$0$DFK_Gebäude;8B12;22.651;0
;;Polyline;DFK_Ainring$0$DFK_Gebäude;8B11;27.278;0
;;Polyline;DFK_Ainring$0$DFK_Gebäude;8B10;16.702;15.695
;;Polyline;DFK_Ainring$0$DFK_Gebäude;8B0F;16.363;0
;;Polyline;DFK_Ainring$0$DFK_Gebäude;8B0E;11.561;0
;;Polyline;DFK_Ainring$0$DFK_Gebäude;8B0D;63.771;169.187
;;Polyline;DFK_Ainring$0$DFK_Gebäude;8B0C;29.859;0
;;Polyline;DFK_Ainring$0$DFK_Gebäude;8B0B;29.303;49.918
;;Polyline;DFK_Ainring$0$DFK_Gebäude;8B0A;53.516;133.999
;;Polyline;DFK_Ainring$0$DFK_Gebäude;8B09;24.38;36.993
;;Polyline;DFK_Ainring$0$DFK_Gebäude;8B08;29.507;53.949
;;Polyline;DFK_Ainring$0$DFK_Gebäude;8B07;30.219;0
;;Polyline;DFK_Ainring$0$DFK_Gebäude;8B06;38.319;84.201
;;Polyline;DFK_Ainring$0$DFK_Gebäude;8B05;48.29;119.145
;;Polyline;DFK_Ainring$0$DFK_Gebäude;8B04;5.908;0
;;Polyline;DFK_Ainring$0$DFK_Gebäude;8B03;93.915;0
;;Polyline;DFK_Ainring$0$DFK_Gebäude;8B02;44.85;117.487
;;Polyline;DFK_Ainring$0$DFK_Gebäude;8B01;16.659;15.879
;;Polyline;DFK_Ainring$0$DFK_Gebäude;8B00;47.201;136.154
;;Polyline;DFK_Ainring$0$DFK_Gebäude;8AFF;29.656;40.975
;;Polyline;DFK_Ainring$0$DFK_Gebäude;8AFE;15.369;14.635
;;Polyline;DFK_Ainring$0$DFK_Gebäude;8AFD;36.834;81.092
;;Polyline;DFK_Ainring$0$DFK_Gebäude;8AFC;7.852;0
;;Polyline;DFK_Ainring$0$DFK_Gebäude;8AFB;15.239;0
;;Polyline;DFK_Ainring$0$DFK_Gebäude;8AFA;33.845;67.677
;;Polyline;DFK_Ainring$0$DFK_Gebäude;8AF9;12.386;0
;;Polyline;DFK_Ainring$0$DFK_Gebäude;8AF8;16.656;15.603
;;Line;DFK_Ainring$0$DFK_Gebäude;8AE1;6.797;0
;;Line;DFK_Ainring$0$DFK_Gebäude;8ADC;33.257;0
;;Line;DFK_Ainring$0$DFK_Gebäude;8ADB;12.199;0
;;Line;DFK_Ainring$0$DFK_Gebäude;8ADA;15.906;0
;;Line;DFK_Ainring$0$DFK_Gebäude;8AD9;5.485;0
;;Line;DFK_Ainring$0$DFK_Gebäude;8AD8;12.9;0
;;Line;DFK_Ainring$0$DFK_Gebäude;8AD5;8.161;0
;;Line;DFK_Ainring$0$DFK_Gebäude;8AD4;10.006;0
;;Line;DFK_Ainring$0$DFK_Gebäude;8AD3;10.006;0
;;Line;DFK_Ainring$0$DFK_Gebäude;8ACD;2.848;0
;;Line;DFK_Ainring$0$DFK_Gebäude;8ACC;2.857;0
;;Line;DFK_Ainring$0$DFK_Gebäude;8ACB;5.233;0
;;Line;DFK_Ainring$0$DFK_Gebäude;8ACA;0.282;0
;;Line;DFK_Ainring$0$DFK_Gebäude;8AC3;1.157;0
;;Line;DFK_Ainring$0$DFK_Gebäude;8AC2;1.222;0
;;Line;DFK_Ainring$0$DFK_Gebäude;8AC1;1.201;0
;;Line;DFK_Ainring$0$DFK_Gebäude;8AC0;1.199;0
;;Line;DFK_Ainring$0$DFK_Gebäude;8ABF;1.143;0
;;Line;DFK_Ainring$0$DFK_Gebäude;8ABE;7.063;0
;;Line;DFK_Ainring$0$DFK_Gebäude;8ABD;11.148;0
;;Line;DFK_Ainring$0$DFK_Gebäude;8ABC;6.323;0
;;Line;DFK_Ainring$0$DFK_Gebäude;8ABB;1.728;0
;;Line;DFK_Ainring$0$DFK_Gebäude;8ABA;2.489;0
;;Line;DFK_Ainring$0$DFK_Gebäude;8AB9;1.636;0
;;Line;DFK_Ainring$0$DFK_Gebäude;8AB1;0.143;0
;;Line;DFK_Ainring$0$DFK_Gebäude;8AAE;2.366;0
;;Line;DFK_Ainring$0$DFK_Gebäude;8AAD;2.974;0
;;Line;DFK_Ainring$0$DFK_Gebäude;8AAC;2.899;0
;;Line;DFK_Ainring$0$DFK_Gebäude;8AAB;5.408;0
;;Line;DFK_Ainring$0$DFK_Gebäude;8AAA;2.987;0
;;Line;DFK_Ainring$0$DFK_Gebäude;8AA6;6.328;0
;;Line;DFK_Ainring$0$DFK_Gebäude;8AA5;7.917;0
;;Line;DFK_Ainring$0$DFK_Gebäude;8AA4;17.478;0
;;Line;DFK_Ainring$0$DFK_Gebäude;8AA3;7.536;0
;;Line;DFK_Ainring$0$DFK_Gebäude;8A9D;2.87;0
;;Line;DFK_Ainring$0$DFK_Gebäude;8A9C;5.489;0
;;Line;DFK_Ainring$0$DFK_Gebäude;8A9B;2.852;0
;;Line;DFK_Ainring$0$DFK_Grenzlinie;8A68;3.435;0
;;Line;DFK_Ainring$0$DFK_Grenzlinie;8A67;2.998;0
;;Line;DFK_Ainring$0$DFK_Grenzlinie;8A66;2.772;0
;;Line;DFK_Ainring$0$DFK_Grenzlinie;8A65;2.808;0
;;Line;DFK_Ainring$0$DFK_Grenzlinie;8A64;2.785;0
;;Line;DFK_Ainring$0$DFK_Grenzlinie;8A63;3.008;0
;;Line;DFK_Ainring$0$DFK_Grenzlinie;8A62;3.16;0
;;Line;DFK_Ainring$0$DFK_Grenzlinie;8A61;6.953;0
;;Line;DFK_Ainring$0$DFK_Grenzlinie;8A60;2.401;0
;;Line;DFK_Ainring$0$DFK_Grenzlinie;8A5F;25.123;0
;;Line;DFK_Ainring$0$DFK_Grenzlinie;8A5E;0.901;0
;;Line;DFK_Ainring$0$DFK_Grenzlinie;8A5D;4.125;0
;;Line;DFK_Ainring$0$DFK_Grenzlinie;8A5C;4.771;0
;;Line;DFK_Ainring$0$DFK_Grenzlinie;8A5B;5.276;0
;;Line;DFK_Ainring$0$DFK_Grenzlinie;8A5A;3.014;0
;;Line;DFK_Ainring$0$DFK_Grenzlinie;8A59;3.193;0
;;Line;DFK_Ainring$0$DFK_Grenzlinie;8A58;6.957;0
;;Line;DFK_Ainring$0$DFK_Grenzlinie;8A57;20.505;0
;;Line;DFK_Ainring$0$DFK_Grenzlinie;8A56;11.92;0
;;Line;DFK_Ainring$0$DFK_Grenzlinie;8A55;30.958;0
;;Line;DFK_Ainring$0$DFK_Grenzlinie;8A54;2.635;0
;;Line;DFK_Ainring$0$DFK_Grenzlinie;8A53;31.537;0
;;Line;DFK_Ainring$0$DFK_Grenzlinie;8A52;9.196;0
;;Line;DFK_Ainring$0$DFK_Grenzlinie;8A51;36.202;0
;;Line;DFK_Ainring$0$DFK_Grenzlinie;8A50;18.473;0
;;Line;DFK_Ainring$0$DFK_Grenzlinie;8A4F;7.127;0
;;Line;DFK_Ainring$0$DFK_Grenzlinie;8A4E;2.139;0
;;Line;DFK_Ainring$0$DFK_Grenzlinie;8A4D;32.042;0
;;Line;DFK_Ainring$0$DFK_Grenzlinie;8A4C;16.481;0
;;Line;DFK_Ainring$0$DFK_Grenzlinie;8A4B;35.504;0
;;Line;DFK_Ainring$0$DFK_Grenzlinie;8A4A;1.091;0
;;Line;DFK_Ainring$0$DFK_Grenzlinie;8A49;15.688;0
;;Line;DFK_Ainring$0$DFK_Grenzlinie;8A48;19.436;0
;;Line;DFK_Ainring$0$DFK_Grenzlinie;8A47;7.877;0
;;Line;DFK_Ainring$0$DFK_Grenzlinie;8A46;5.85;0
;;Line;DFK_Ainring$0$DFK_Grenzlinie;8A45;10.339;0
;;Line;DFK_Ainring$0$DFK_Grenzlinie;8A44;14.368;0
;;Line;DFK_Ainring$0$DFK_Grenzlinie;8A43;26.956;0
;;Line;DFK_Ainring$0$DFK_Grenzlinie;8A42;1.429;0
;;Line;DFK_Ainring$0$DFK_Grenzlinie;8A41;1.457;0
;;Line;DFK_Ainring$0$DFK_Grenzlinie;8A40;1.5;0
;;Line;DFK_Ainring$0$DFK_Grenzlinie;8A3F;17.644;0
;;Line;DFK_Ainring$0$DFK_Grenzlinie;8A3E;1.95;0
;;Line;DFK_Ainring$0$DFK_Grenzlinie;8A3D;27.611;0
;;Line;DFK_Ainring$0$DFK_Grenzlinie;8A3C;15.158;0
;;Line;DFK_Ainring$0$DFK_Grenzlinie;8A3B;12.978;0
;;Line;DFK_Ainring$0$DFK_Grenzlinie;8A3A;2.805;0
;;Line;DFK_Ainring$0$DFK_Grenzlinie;8A39;9.375;0
;;Line;DFK_Ainring$0$DFK_Grenzlinie;8A38;7.08;0
;;Line;DFK_Ainring$0$DFK_Grenzlinie;8A37;21.583;0
;;Line;DFK_Ainring$0$DFK_Grenzlinie;8A36;24.437;0
;;Line;DFK_Ainring$0$DFK_Grenzlinie;8A35;1.032;0
;;Line;DFK_Ainring$0$DFK_Grenzlinie;8A34;23.37;0
;;Line;DFK_Ainring$0$DFK_Grenzlinie;8A33;8.779;0
;;Line;DFK_Ainring$0$DFK_Grenzlinie;8A32;18.682;0
;;Line;DFK_Ainring$0$DFK_Grenzlinie;8A31;7.2;0
;;Line;DFK_Ainring$0$DFK_Grenzlinie;8A30;4.442;0
;;Line;DFK_Ainring$0$DFK_Grenzlinie;8A2F;3.618;0
;;Line;DFK_Ainring$0$DFK_Grenzlinie;8A2E;4.468;0
;;Line;DFK_Ainring$0$DFK_Grenzlinie;8A2D;5.234;0
;;Line;DFK_Ainring$0$DFK_Grenzlinie;8A2C;7.943;0
;;Line;DFK_Ainring$0$DFK_Grenzlinie;8A2B;4.32;0
;;Line;DFK_Ainring$0$DFK_Grenzlinie;8A2A;5.404;0
;;Line;DFK_Ainring$0$DFK_Grenzlinie;8A29;4.297;0
;;Line;DFK_Ainring$0$DFK_Grenzlinie;8A28;4.065;0
;;Line;DFK_Ainring$0$DFK_Grenzlinie;8A27;31.452;0
;;Line;DFK_Ainring$0$DFK_Grenzlinie;8A26;2.499;0
;;Line;DFK_Ainring$0$DFK_Grenzlinie;8A25;3.753;0
;;Line;DFK_Ainring$0$DFK_Grenzlinie;8A24;17.311;0
;;Line;DFK_Ainring$0$DFK_Grenzlinie;8A23;32.352;0
;;Line;DFK_Ainring$0$DFK_Grenzlinie;8A22;8.511;0
;;Line;DFK_Ainring$0$DFK_Grenzlinie;8A21;33.208;0
;;Line;DFK_Ainring$0$DFK_Grenzlinie;8A20;7.543;0
;;Line;DFK_Ainring$0$DFK_Grenzlinie;8A1F;21.362;0
;;Line;DFK_Ainring$0$DFK_Grenzlinie;8A1E;1.366;0
;;Line;DFK_Ainring$0$DFK_Grenzlinie;8A1D;10.054;0
;;Line;DFK_Ainring$0$DFK_Grenzlinie;8A1C;3.316;0
;;Line;DFK_Ainring$0$DFK_Grenzlinie;8A1B;22.618;0
;;Line;DFK_Ainring$0$DFK_Grenzlinie;8A1A;7.567;0
;;Line;DFK_Ainring$0$DFK_Grenzlinie;8A19;1.981;0
;;Line;DFK_Ainring$0$DFK_Grenzlinie;8A18;0.233;0
;;Line;DFK_Ainring$0$DFK_Grenzlinie;8A17;1.881;0
;;Line;DFK_Ainring$0$DFK_Grenzlinie;8A16;3.092;0
;;Line;DFK_Ainring$0$DFK_Grenzlinie;8A15;8.771;0
;;Line;DFK_Ainring$0$DFK_Grenzlinie;8A14;13.586;0
;;Line;DFK_Ainring$0$DFK_Grenzlinie;8A13;0.539;0
;;Line;DFK_Ainring$0$DFK_Grenzlinie;8A12;4.043;0
;;Line;DFK_Ainring$0$DFK_Grenzlinie;8A11;12.917;0
;;Line;DFK_Ainring$0$DFK_Grenzlinie;8A10;2.288;0
;;Line;DFK_Ainring$0$DFK_Grenzlinie;8A0F;0.986;0
;;Line;DFK_Ainring$0$DFK_Grenzlinie;8A0E;3.114;0
;;Line;DFK_Ainring$0$DFK_Grenzlinie;8A0D;1.516;0
;;Line;DFK_Ainring$0$DFK_Grenzlinie;8A0C;1.667;0
;;Line;DFK_Ainring$0$DFK_Grenzlinie;8A0B;2.135;0
;;Line;DFK_Ainring$0$DFK_Grenzlinie;8A0A;14.996;0
;;Line;DFK_Ainring$0$DFK_Grenzlinie;8A09;8.546;0
;;Line;DFK_Ainring$0$DFK_Grenzlinie;8A08;7.44;0
;;Line;DFK_Ainring$0$DFK_Grenzlinie;8A07;6.073;0
;;Line;DFK_Ainring$0$DFK_Grenzlinie;8A06;4.838;0
;;Line;DFK_Ainring$0$DFK_Grenzlinie;8A05;4.931;0
;;Line;DFK_Ainring$0$DFK_Grenzlinie;8A04;8.492;0
;;Line;DFK_Ainring$0$DFK_Grenzlinie;8A03;8.074;0
;;Line;DFK_Ainring$0$DFK_Grenzlinie;8A02;6.672;0
;;Line;DFK_Ainring$0$DFK_Grenzlinie;8A01;24.496;0
;;Line;DFK_Ainring$0$DFK_Grenzlinie;8A00;17.96;0
;;Line;DFK_Ainring$0$DFK_Grenzlinie;89FF;60.454;0
;;Line;DFK_Ainring$0$DFK_Grenzlinie;89FE;16.413;0
;;Line;DFK_Ainring$0$DFK_Grenzlinie;89FD;42.001;0
;;Line;DFK_Ainring$0$DFK_Grenzlinie;89FC;6.75;0
;;Line;DFK_Ainring$0$DFK_Grenzlinie;89FB;4.775;0
;;Line;DFK_Ainring$0$DFK_Grenzlinie;89FA;6.72;0
;;Line;DFK_Ainring$0$DFK_Grenzlinie;89F9;3.923;0
;;Line;DFK_Ainring$0$DFK_Grenzlinie;89F8;14.39;0
;;Line;DFK_Ainring$0$DFK_Grenzlinie;89F7;16.493;0
;;Line;DFK_Ainring$0$DFK_Grenzlinie;89F5;6.723;0
;;Line;DFK_Ainring$0$DFK_Grenzlinie;89F4;6.695;0
;;Line;DFK_Ainring$0$DFK_Grenzlinie;89F3;6.153;0
;;Line;DFK_Ainring$0$DFK_Grenzlinie;89F2;5.137;0
;;Line;DFK_Ainring$0$DFK_Grenzlinie;89F1;3.451;0
;;Line;DFK_Ainring$0$DFK_Grenzlinie;89F0;4.623;0
;;Line;DFK_Ainring$0$DFK_Grenzlinie;89EF;6.024;0
;;Line;DFK_Ainring$0$DFK_Grenzlinie;89EE;4.405;0
;;Line;DFK_Ainring$0$DFK_Grenzlinie;89ED;6.325;0
;;Line;DFK_Ainring$0$DFK_Grenzlinie;89EC;9.766;0
;;Line;DFK_Ainring$0$DFK_Grenzlinie;89EB;3.548;0
;;Line;DFK_Ainring$0$DFK_Grenzlinie;89EA;11.114;0
;;Line;DFK_Ainring$0$DFK_Grenzlinie;89E9;17.3;0
;;Line;DFK_Ainring$0$DFK_Grenzlinie;89E8;11.015;0
;;Line;DFK_Ainring$0$DFK_Grenzlinie;89E7;5.477;0
;;Line;DFK_Ainring$0$DFK_Grenzlinie;89E6;17.943;0
;;Line;DFK_Ainring$0$DFK_Grenzlinie;89E5;14.181;0
;;Line;DFK_Ainring$0$DFK_Grenzlinie;89E4;6.06;0
;;Line;DFK_Ainring$0$DFK_Grenzlinie;89E3;14.228;0
;;Line;DFK_Ainring$0$DFK_Grenzlinie;89E2;5.577;0
;;Line;DFK_Ainring$0$DFK_Grenzlinie;89E1;1.894;0
;;Line;DFK_Ainring$0$DFK_Grenzlinie;89E0;2.573;0
;;Line;DFK_Ainring$0$DFK_Grenzlinie;89DF;2.94;0
;;Line;DFK_Ainring$0$DFK_Grenzlinie;89DE;6.953;0
;;Line;DFK_Ainring$0$DFK_Grenzlinie;89DD;7.083;0
;;Line;DFK_Ainring$0$DFK_Grenzlinie;89DC;22.312;0
;;Line;DFK_Ainring$0$DFK_Grenzlinie;89DB;2.444;0
;;Line;DFK_Ainring$0$DFK_Grenzlinie;89DA;3.887;0
;;Line;DFK_Ainring$0$DFK_Grenzlinie;89D9;2.369;0
;;Line;DFK_Ainring$0$DFK_Grenzlinie;89D8;2.412;0
;;Line;DFK_Ainring$0$DFK_Grenzlinie;89D7;50.36;0
;;Line;DFK_Ainring$0$DFK_Grenzlinie;89D6;43.35;0
;;Line;DFK_Ainring$0$DFK_Grenzlinie;89D5;2;0
;;Line;DFK_Ainring$0$DFK_Grenzlinie;89D4;43.402;0
;;Line;DFK_Ainring$0$DFK_Grenzlinie;89D3;50.229;0
;;Line;DFK_Ainring$0$DFK_Grenzlinie;89D2;2.542;0
;;Line;DFK_Ainring$0$DFK_Grenzlinie;89D1;2.527;0
;;Line;DFK_Ainring$0$DFK_Grenzlinie;89D0;2.628;0
;;Line;DFK_Ainring$0$DFK_Grenzlinie;89CF;2.888;0
;;Line;DFK_Ainring$0$DFK_Grenzlinie;89CE;14.678;0
;;Line;DFK_Ainring$0$DFK_Grenzlinie;89CD;1.816;0
;;Line;DFK_Ainring$0$DFK_Grenzlinie;89CC;1.865;0
;;Line;DFK_Ainring$0$DFK_Grenzlinie;89CB;14.04;0
;;Line;DFK_Ainring$0$DFK_Grenzlinie;89CA;0.255;0
;;Line;DFK_Ainring$0$DFK_Grenzlinie;89C9;10.696;0
;;Line;DFK_Ainring$0$DFK_Grenzlinie;89C8;8.997;0
;;Line;DFK_Ainring$0$DFK_Grenzlinie;89C7;14.037;0
;;Line;DFK_Ainring$0$DFK_Grenzlinie;89C6;12.245;0
;;Line;DFK_Ainring$0$DFK_Grenzlinie;89C5;23.337;0
;;Line;DFK_Ainring$0$DFK_Grenzlinie;89C4;2.414;0
;;Line;DFK_Ainring$0$DFK_Grenzlinie;89C3;28.7;0
;;Line;DFK_Ainring$0$DFK_Grenzlinie;89C2;24.884;0
;;Line;DFK_Ainring$0$DFK_Grenzlinie;89C1;2.001;0
;;Line;DFK_Ainring$0$DFK_Grenzlinie;89C0;19.13;0
;;Line;DFK_Ainring$0$DFK_Grenzlinie;89BF;2.449;0
;;Line;DFK_Ainring$0$DFK_Grenzlinie;89BE;3.305;0
;;Line;DFK_Ainring$0$DFK_Grenzlinie;89BD;2.433;0
;;Line;DFK_Ainring$0$DFK_Grenzlinie;89BC;3.666;0
;;Line;DFK_Ainring$0$DFK_Grenzlinie;89BB;4.642;0
;;Line;DFK_Ainring$0$DFK_Grenzlinie;89BA;11.832;0
;;Line;DFK_Ainring$0$DFK_Grenzlinie;89B9;9.438;0
;;Line;DFK_Ainring$0$DFK_Grenzlinie;89B8;9.037;0
;;Line;DFK_Ainring$0$DFK_Grenzlinie;89B7;9.755;0
;;Line;DFK_Ainring$0$DFK_Grenzlinie;89B6;1.397;0
;;Line;DFK_Ainring$0$DFK_Grenzlinie;89B5;15.134;0
;;Line;DFK_Ainring$0$DFK_Grenzlinie;89B4;9.025;0
;;Line;DFK_Ainring$0$DFK_Grenzlinie;89B3;13.767;0
;;Line;DFK_Ainring$0$DFK_Grenzlinie;89B2;28.107;0
;;Line;DFK_Ainring$0$DFK_Grenzlinie;89B1;24.26;0
;;Line;DFK_Ainring$0$DFK_Grenzlinie;89B0;8.014;0
;;Line;DFK_Ainring$0$DFK_Grenzlinie;89AF;12.257;0
;;Line;DFK_Ainring$0$DFK_Grenzlinie;89AE;17.186;0
;;Line;DFK_Ainring$0$DFK_Grenzlinie;89AD;14.288;0
;;Line;DFK_Ainring$0$DFK_Grenzlinie;89AC;20.52;0
;;Line;DFK_Ainring$0$DFK_Grenzlinie;89AB;0.591;0
;;Line;DFK_Ainring$0$DFK_Grenzlinie;89AA;6.982;0
;;Line;DFK_Ainring$0$DFK_Grenzlinie;89A9;10.081;0
;;Line;DFK_Ainring$0$DFK_Grenzlinie;89A8;0.098;0
;;Line;DFK_Ainring$0$DFK_Grenzlinie;89A7;1.343;0
;;Line;DFK_Ainring$0$DFK_Grenzlinie;89A6;8.091;0
;;Line;DFK_Ainring$0$DFK_Grenzlinie;89A5;6.002;0
;;Line;DFK_Ainring$0$DFK_Grenzlinie;89A4;20.358;0
;;Line;DFK_Ainring$0$DFK_Grenzlinie;89A3;4.314;0
;;Line;DFK_Ainring$0$DFK_Grenzlinie;89A2;8.125;0
;;Line;DFK_Ainring$0$DFK_Grenzlinie;89A1;13.034;0
;;Line;DFK_Ainring$0$DFK_Grenzlinie;89A0;15.812;0
;;Line;DFK_Ainring$0$DFK_Grenzlinie;899F;12.307;0
;;Line;DFK_Ainring$0$DFK_Grenzlinie;899E;2.32;0
;;Line;DFK_Ainring$0$DFK_Grenzlinie;899D;10.503;0
;;Line;DFK_Ainring$0$DFK_Grenzlinie;899C;12.402;0
;;Line;DFK_Ainring$0$DFK_Grenzlinie;899B;9.89;0
;;Line;DFK_Ainring$0$DFK_Grenzlinie;899A;7.422;0
;;Line;DFK_Ainring$0$DFK_Grenzlinie;8999;7.359;0
;;Line;DFK_Ainring$0$DFK_Grenzlinie;8998;8.031;0
;;Line;DFK_Ainring$0$DFK_Grenzlinie;8997;5.56;0
;;Line;DFK_Ainring$0$DFK_Grenzlinie;8996;31.151;0
;;Line;DFK_Ainring$0$DFK_Grenzlinie;8995;17.746;0
;;Line;DFK_Ainring$0$DFK_Grenzlinie;8994;5.003;0
;;Line;DFK_Ainring$0$DFK_Grenzlinie;8993;2.017;0
;;Line;DFK_Ainring$0$DFK_Grenzlinie;8992;2.086;0
;;Line;DFK_Ainring$0$DFK_Grenzlinie;8991;2.714;0
;;Line;DFK_Ainring$0$DFK_Grenzlinie;8990;18.42;0
;;Line;DFK_Ainring$0$DFK_Grenzlinie;898F;6.839;0
;;Line;DFK_Ainring$0$DFK_Grenzlinie;898E;9.224;0
;;Line;DFK_Ainring$0$DFK_Grenzlinie;898D;6.812;0
;;Line;DFK_Ainring$0$DFK_Grenzlinie;898C;10.909;0
;;Polyline2d;F_Beschriftung;63DD;2.401;0
;;Polyline2d;0;63CC;4.468;0
;;Polyline2d;0;63C3;5.937;0
;;Polyline2d;0;63BA;4.312;0
;;Polyline2d;0;63B1;4.312;0
;;Polyline2d;0;63A8;5.494;0
;;Polyline2d;0;639F;4.312;0
;;Polyline2d;0;6396;4.312;0
;;Polyline2d;0;638D;4.312;0
;;Polyline2d;0;6384;4.312;0
;;Polyline2d;F_Beschriftung;635C;2.796;0
;;Polyline;F_Tok;6307;7.289;0
;;Polyline2d;F_Tok;62FE;14.339;0
;;Polyline;F_Asphalt;62FD;154.755;171.809
;;Polyline;F_Tok;62FB;143.909;0
;;Polyline;F_Tok;62FA;21.891;0
;;Polyline;F_Tok;62F9;19.872;0
;;Polyline2d;0;62F3;12.573;0
;;Polyline;F_Leistenstein_Granit;62F2;12.575;0
;;Polyline;F_Leistenstein_Granit_Best;62F1;12.857;0
;;Polyline2d;F_1zeiler_ Großpflaster_Granit;62EC;11.044;0
;;Polyline2d;F_1zeiler_Granit;62E7;11.046;0
;;Polyline2d;0;62E2;11.048;0
;;Polyline2d;F_Pflaster_neu;62DB;7.644;0
;;Polyline2d;F_Beschriftung;60F1;1.768;0
;;Polyline2d;F_Beschriftung;60E8;6.086;0
;;Polyline2d;0;60E4;2.888;0
;;Polyline2d;F_1zeiler_Granit;60E0;2.866;0
;;Polyline;F_1zeiler_Granit;60DF;19.548;0
;;Polyline;F_1zeiler_Granit;60DE;19.548;0
;;Polyline;F_Leistenstein_Granit;60D4;11.612;0
;;Polyline;F_Leistenstein_Granit;60D3;0;0
;;Polyline;F_Leistenstein_Granit;60D2;69.342;0
;;Polyline2d;F_Tok;60CC;9.497;0
;;Polyline2d;F_Tok;60B9;16.171;0
;;Polyline2d;F_Tok;60B4;3.559;0
;;Polyline2d;F_Tok;60B0;1.578;0
;;Polyline2d;F_Tok;60AB;2.954;0
;;Polyline2d;F_Tok;60A7;1.36;0
;;Polyline2d;F_Tok;60A3;5.037;0
;;Polyline2d;F_Tok;609C;12.863;0
;;Polyline;F_1zeiler_Granit;608C;9.382;0
;;Polyline;F_Leistenstein_Beton;608B;13.784;0
;;Polyline;F_Leistenstein_Beton;6081;2.734;0
;;Polyline2d;0;6038;4.312;0
;;Polyline;F_Asphaltfläche_Privat_3;5FE7;4.194;0
;;Polyline2d;0;5FE3;0.2;0
;;Polyline2d;0;5FDF;0.2;0
;;Polyline2d;F_Beschriftung;5FAD;9.327;0
;;Polyline2d;F_Leistenstein_Granit;5F9C;1.3;0
;;Polyline2d;F_Leistenstein_Granit;5F98;1.3;0
;;Polyline2d;0;5F54;9.305;0
;;Polyline2d;0;5F50;0.191;0
;;Polyline2d;0;5F11;277.124;0
;;Polyline2d;0;5EFC;42.707;0
;;Polyline2d;F_Beschriftung;5E90;2.267;0
;;Polyline2d;F_1zeiler_Granit;5E8B;8.592;0
;;Polyline;F_1zeiler_Granit;5E8A;22.148;0
;;Polyline;F_1zeiler_Granit;5E89;1.176;0
;;Polyline;F_2zeiler_Granit;5E88;0.173;0
;;Polyline;F_1zeiler_Granit;5E87;23.751;0
;;Polyline;F_1zeiler_Granit;5E86;4.037;0
;;Polyline;F_1zeiler_Granit;5E85;17.748;0
;;Polyline;F_1zeiler_Granit;5E84;1.51;0
;;Circle;F_Lampe;5E70;0.628;0.031
;;Circle;F_Lampe;5E6F;0.628;0.031
;;Circle;F_Lampe;5E6E;0.628;0.031
;;Circle;F_Lampe;5E6D;0.628;0.031
;;Circle;F_Lampe;5E6C;0.628;0.031
;;Circle;F_Lampe;5E6B;0.628;0.031
;;Circle;F_Lampe;5E6A;0.628;0.031
;;Circle;F_Lampe;5E69;0.628;0.031
;;Circle;F_Lampe;5E68;0.628;0.031
;;Circle;F_Lampe;5E67;0.628;0.031
;;Polyline;0;5E66;0.668;0
;;Polyline2d;0;5E62;1.3;0
;;Polyline2d;0;5E5E;0.249;0
;;Polyline2d;0;5E5A;0.25;0
;;Polyline;0;5E59;3.243;0.41
;;Polyline;F_Leistenstein_Granit;5E57;45.099;0
;;Polyline2d;0;5E53;1.3;0
;;Polyline2d;0;5E4F;0.442;0
;;Polyline2d;0;5E4B;0.249;0
;;Polyline2d;0;5E47;0.25;0
;;Polyline;0;5E46;4.034;0
;;Polyline;F_Bankett;5E45;39.149;6.502
;;Polyline;0;5E44;2.578;0
;;Polyline;F_Leistenstein_Granit;5E43;25.561;0
;;Polyline;F_Leistenstein_Granit;5E42;5.693;0
;;Circle;F_SD;5E41;2.513;0.503
;;Polyline2d;F_Kies;5E35;19.877;0
;;Polyline;F_Asphaltfläche;5E34;318.589;158.09
;;Polyline;F_1zeiler_Granit;5D32;6.823;0
;;Polyline2d;F_1zeiler_Granit;5D2B;20.469;0
;;Polyline;F_1zeiler_Granit;5D29;9.296;0
;;Polyline;F_1zeiler_Granit;5D28;5.577;0
;;Polyline;F_1zeiler_Granit;5D27;6.629;0
;;Polyline;F_1zeiler_Granit;5D26;6.969;0
;;Polyline;F_1zeiler_Granit;5D25;9.512;0
;;Polyline;F_1zeiler_Granit;5D24;5.961;0
;;Polyline2d;F_1zeiler_Granit;5D1D;4.53;0
;;Polyline;F_1zeiler_Granit;5D1C;20.832;0
;;Polyline;F_1zeiler_Granit;5D1B;6.823;0
;;Polyline;F_2zeiler_Granit;5D1A;23.148;0
;;Polyline;F_Leistenstein_Granit;5D19;62.632;0
;;Polyline;F_Leistenstein_Granit;5D18;38.546;0
;;Polyline;F_Leistenstein_Granit;5D17;24.739;0
;;Polyline;F_Leistenstein_Granit;5D16;70.055;0
;;Polyline;0;5D15;29.676;0
;;Polyline2d;F_3zeiler_Granit;5D10;12.607;0
;;Polyline2d;F_3zeiler_Granit;5D0B;12.607;0
;;Polyline2d;F_3zeiler_Granit;5D06;12.608;0
;;Polyline2d;F_Leistenstein_Granit;5D01;7.794;0
;;Polyline2d;F_Leistenstein_Granit;5CFD;7.282;0
;;Polyline;F_Leistenstein_Granit;5CFC;7.137;0
;;Polyline;F_Leistenstein_Beton_Best;5CFB;30.687;0
;;Polyline2d;F_Leistenstein_Beton;5CF6;2.709;0
;;Polyline;F_Leistenstein_Beton;5CF5;13.628;0
;;Polyline;F_Leistenstein_Beton;5CF4;0.344;0
;;Polyline2d;F_Leistenstein_Beton;5CF0;2.058;0
;;Polyline2d;F_Leistenstein_Beton;5CE0;64.268;0
;;Polyline;F_Gelände;5C97;5.602;0
;;Polyline2d;0;5C90;2.302;0
;;Polyline;F_Bankett;5C8F;14.559;0
;;Polyline;F_Gelände;5C8E;6.432;0
;;Polyline;F_Humusfläche_4;5C8D;36.005;16.482
;;Polyline;F_Bankett;5C8C;16.053;2.1
;;Polyline2d;0;5C87;7.793;0
;;Polyline;F_Asphaltfläche_Privat_5;5C86;14.396;11.369
;;Circle;F_SD;5C85;2.513;0.503
;;Polyline;F_Bankett;5C84;15.306;0
;;Polyline;F_Plaster_ausbau;5C83;11.505;7.259
;;Polyline2d;0;5C7D;3.8;0
;;Polyline;F_Gelände;5C7C;19.537;0
;;Polyline;F_Gelände;5C7B;6.82;0
;;Polyline2d;F_SSK_50x50;5C75;1.914;0
;;Polyline2d;F_SSK_50x50;5C6F;2;0
;;Polyline2d;F_SSK_50x50;5C69;1.914;0
;;Polyline2d;F_SSK_50x50;5C63;2;0
;;Polyline2d;F_SSK_50x50;5C5D;1.914;0
;;Polyline2d;F_SSK_50x50;5C57;2;0
;;Polyline;F_Gelände;5C56;75.402;0
;;Circle;F_SD;5C55;2.513;0.503
;;Polyline2d;F_SSK_50x50;5C4F;1.914;0
;;Polyline2d;F_SSK_50x50;5C49;2;0
;;Polyline2d;F_SSK_50x50;5C43;1.914;0
;;Polyline2d;F_SSK_50x50;5C3D;2;0
;;Polyline2d;F_SSK_50x50;5C37;1.914;0
;;Polyline2d;F_SSK_50x50;5C31;2;0
;;Arc;0;5C2F;0.005;0
;;Polyline;F_Humusfläche_2;5C2E;208.49;78.986
;;Polyline2d;F_SSK_50x50;5C28;1.914;0
;;Polyline2d;F_SSK_50x50;5C22;2;0
;;Circle;F_Schieber;5C21;0.628;0.031
;;Polyline2d;F_SSK_50x50;5C1B;1.914;0
;;Polyline2d;F_SSK_50x50;5C15;2;0
;;Polyline;F_Asphaltfläche;5C14;38.787;0
;;Polyline2d;F_SSK_50x50;5C0E;1.914;0
;;Polyline2d;F_SSK_50x50;5C08;2;0
;;Polyline2d;F_SSK_50x50;5C02;1.914;0
;;Polyline2d;F_SSK_50x50;5BFC;2;0
;;Polyline2d;F_SSK_50x50;5BF6;1.914;0
;;Polyline2d;F_SSK_50x50;5BF0;2;0
;;Polyline2d;F_SSK_50x50;5BEA;1.914;0
;;Polyline2d;F_SSK_50x50;5BE4;2;0
;;Circle;F_Schieber;5BE3;0.628;0.031
;;Circle;F_Schieber;5BE2;0.628;0.031
;;Circle;F_Schieber;5BE1;0.628;0.031
;;Circle;F_Schieber;5BE0;0.628;0.031
;;Circle;F_SD;5BDF;2.513;0.503
;;Circle;F_SD;5BDE;2.513;0.503
;;Circle;F_SD;5BDD;2.513;0.503
;;Circle;F_SD;5BDC;2.513;0.503
;;Circle;F_Schieber;5BDB;0.628;0.031
;;Circle;F_Schieber;5BDA;0.628;0.031
;;Circle;F_Schieber;5BD9;0.628;0.031
;;Circle;F_Schieber;5BD8;0.628;0.031
;;Circle;F_SD;5BD7;2.513;0.503
;;Circle;F_Schieber;5BD6;0.628;0.031
;;Circle;F_Schieber;5BD5;0.628;0.031
;;Circle;F_SD;5BD4;2.513;0.503
;;Circle;F_Schieber;5BD3;0.628;0.031
;;Circle;F_SD;5BD2;2.513;0.503
;;Circle;F_Schieber;5BD1;0.628;0.031
;;Circle;F_SD;5BD0;2.513;0.503
;;Circle;F_Schieber;5BCF;0.628;0.031
;;Circle;F_SD;5BCE;2.513;0.503
;;Circle;F_SD;5BCD;2.513;0.503
;;Circle;F_SD;5BCC;2.513;0.503
;;Polyline;F_Gelände;5BCB;4.134;0
;;Polyline2d;F_SSK_50x50;5BC5;1.914;0
;;Polyline2d;F_SSK_50x50;5BBF;2;0
;;Polyline2d;F_SSK_50x50;5BB9;1.914;0
;;Polyline2d;F_SSK_50x50;5BB3;2;0
;;Polyline;F_Gelände;5BB2;4.622;0
;;Polyline;F_Gelände;5BB1;0.389;0
;;Polyline;F_Asphaltfläche;5BB0;0;0
;;Polyline;F_Asphaltflächen_Gehweg;5BAF;41.468;0
;;Circle;F_SD;5BAE;2.513;0.503
;;Polyline2d;F_SSK_50x50;5BA8;1.914;0
;;Polyline2d;F_SSK_50x50;5BA2;2;0
;;Polyline;F_Gelände;5BA1;41.302;0
;;Polyline2d;F_SSK_50x50;5B9B;1.914;0
;;Polyline2d;F_SSK_50x50;5B95;2;0
;;Circle;F_SD;5B94;2.513;0.503
;;Polyline;F_Gelände;5B93;9.643;0
;;Circle;F_SD;5B92;2.513;0.503
;;Polyline2d;0;5B8C;2.4;0
;;Circle;0;5B8B;0.942;0.071
;;Polyline;F_Asphaltfläche_Privat_3;5B8A;18.12;15.835
;;Polyline;F_Gelände;5B88;28.948;0
;;Polyline2d;F_Gelände;5B84;0.16;0
;;Polyline;F_Asphaltfläche_Privat_2;5B83;60.872;193.777
;;Polyline;F_Gelände;5B82;3.421;0
;;Polyline;F_Gelände;5B81;8.346;0
;;Polyline;0;5B80;0;0
;;Polyline;F_Gelände;5B7E;5.314;0
;;Polyline2d;F_SSK_50x50;5B78;1.914;0
;;Polyline2d;F_SSK_50x50;5B72;2;0
;;Circle;F_Schieber;5B71;0.628;0.031
;;Circle;F_Schieber;5B70;0.628;0.031
;;Circle;F_Schieber;5B6F;0.628;0.031
;;Circle;F_Schieber;5B6E;0.628;0.031
;;Circle;F_Schieber;5B6D;0.628;0.031
;;Circle;F_Schieber;5B6C;0.628;0.031
;;Circle;F_Schieber;5B6B;0.628;0.031
;;Circle;F_Schieber;5B6A;0.628;0.031
;;Circle;F_Schieber;5B69;0.628;0.031
;;Circle;F_Schieber;5B68;0.628;0.031
;;Circle;F_SD;5B67;2.513;0.503
;;Polyline2d;0;5B61;3.8;0
;;Polyline;F_Gelände;5B60;4.843;0
;;Polyline2d;0;5B5C;0.134;0
;;Polyline;F_Humusfläche_1;5B5B;129.075;144.863
;;Polyline;F_Gelände;5B5A;6.57;0
;;Polyline2d;F_EON_Hausanschluss_Kasten;5B54;1.2;0
;;Polyline2d;0;5B50;0.08;0
;;Polyline;F_Gelände;5B4F;5.073;0
;;Polyline;F_Asphaltflächen_Gehweg;5B4E;130.576;87.722
;;Line;DFK_Ainring$0$DFK_Gebäude;5B4D;10.514;0
;;Line;DFK_Ainring$0$DFK_Gebäude;5B4C;10.516;0
;;Line;DFK_Ainring$0$DFK_Gebäude;5B4B;10.049;0
;;Line;DFK_Ainring$0$DFK_Gebäude;5B4A;3.1;0
;;Line;DFK_Ainring$0$DFK_Gebäude;5B49;3.1;0
;;Polyline;DFK_Ainring$0$DFK_Gebäude;5B48;46.793;0
;;Polyline;DFK_Ainring$0$DFK_Gebäude;5B47;59.328;179.811
;;Polyline;DFK_Ainring$0$DFK_Gebäude;5B46;29.604;52.101
;;Polyline;DFK_Ainring$0$DFK_Gebäude;5B45;44.766;124.002
;;Polyline;DFK_Ainring$0$DFK_Gebäude;5B44;15.389;13.132
;;Polyline;DFK_Ainring$0$DFK_Gebäude;5B43;23.615;22.563
;;Polyline;DFK_Ainring$0$DFK_Gebäude;5B42;1.622;0
;;Polyline;DFK_Ainring$0$DFK_Gebäude;5B41;29.016;0
;;Polyline;DFK_Ainring$0$DFK_Gebäude;5B40;17.218;16.971
;;Polyline;DFK_Ainring$0$DFK_Gebäude;5B3F;52.554;121.999
;;Polyline;DFK_Ainring$0$DFK_Gebäude;5B3E;34.022;63.017
;;Polyline;DFK_Ainring$0$DFK_Gebäude;5B3D;13.18;0
;;Polyline;DFK_Ainring$0$DFK_Gebäude;5B3C;35.139;68.047
;;Polyline;DFK_Ainring$0$DFK_Gebäude;5B3B;30.963;0
;;Polyline;DFK_Ainring$0$DFK_Gebäude;5B3A;8.46;0
;;Polyline;DFK_Ainring$0$DFK_Gebäude;5B39;28.255;0
;;Polyline;DFK_Ainring$0$DFK_Gebäude;5B38;35.285;0
;;Polyline;DFK_Ainring$0$DFK_Gebäude;5B37;45.229;95.543
;;Polyline;DFK_Ainring$0$DFK_Gebäude;5B36;96.026;351.641
;;Polyline;DFK_Ainring$0$DFK_Gebäude;5B35;53.339;155.488
;;Polyline;DFK_Ainring$0$DFK_Gebäude;5B34;46.049;125.764
;;Polyline;DFK_Ainring$0$DFK_Gebäude;5B33;42.917;109.344
;;Polyline;DFK_Ainring$0$DFK_Gebäude;5B32;21.932;0
;;Polyline;DFK_Ainring$0$DFK_Gebäude;5B31;14.119;0
;;Polyline;DFK_Ainring$0$DFK_Gebäude;5B30;5.513;0
;;Polyline;DFK_Ainring$0$DFK_Gebäude;5B2F;22.651;0
;;Polyline;DFK_Ainring$0$DFK_Gebäude;5B2E;27.278;0
;;Polyline;DFK_Ainring$0$DFK_Gebäude;5B2D;16.702;15.695
;;Polyline;DFK_Ainring$0$DFK_Gebäude;5B2C;16.363;0
;;Polyline;DFK_Ainring$0$DFK_Gebäude;5B2B;11.561;0
;;Polyline;DFK_Ainring$0$DFK_Gebäude;5B2A;63.771;169.187
;;Polyline;DFK_Ainring$0$DFK_Gebäude;5B29;29.859;0
;;Polyline;DFK_Ainring$0$DFK_Gebäude;5B28;29.303;49.918
;;Polyline;DFK_Ainring$0$DFK_Gebäude;5B27;53.516;133.999
;;Polyline;DFK_Ainring$0$DFK_Gebäude;5B26;24.38;36.993
;;Polyline;DFK_Ainring$0$DFK_Gebäude;5B25;29.507;53.949
;;Polyline;DFK_Ainring$0$DFK_Gebäude;5B24;30.219;0
;;Polyline;DFK_Ainring$0$DFK_Gebäude;5B23;38.319;84.201
;;Polyline;DFK_Ainring$0$DFK_Gebäude;5B22;48.29;119.145
;;Polyline;DFK_Ainring$0$DFK_Gebäude;5B21;5.908;0
;;Polyline;DFK_Ainring$0$DFK_Gebäude;5B20;93.915;0
;;Polyline;DFK_Ainring$0$DFK_Gebäude;5B1F;44.85;117.487
;;Polyline;DFK_Ainring$0$DFK_Gebäude;5B1E;16.659;15.879
;;Polyline;DFK_Ainring$0$DFK_Gebäude;5B1D;47.201;136.154
;;Polyline;DFK_Ainring$0$DFK_Gebäude;5B1C;29.656;40.975
;;Polyline;DFK_Ainring$0$DFK_Gebäude;5B1B;15.369;14.635
;;Polyline;DFK_Ainring$0$DFK_Gebäude;5B1A;36.834;81.092
;;Polyline;DFK_Ainring$0$DFK_Gebäude;5B19;7.852;0
;;Polyline;DFK_Ainring$0$DFK_Gebäude;5B18;15.239;0
;;Polyline;DFK_Ainring$0$DFK_Gebäude;5B17;33.845;67.677
;;Polyline;DFK_Ainring$0$DFK_Gebäude;5B16;12.386;0
;;Polyline;DFK_Ainring$0$DFK_Gebäude;5B15;16.656;15.603
;;Line;DFK_Ainring$0$DFK_Gebäude;5AFE;6.797;0
;;Line;DFK_Ainring$0$DFK_Gebäude;5AF9;33.257;0
;;Line;DFK_Ainring$0$DFK_Gebäude;5AF8;12.199;0
;;Line;DFK_Ainring$0$DFK_Gebäude;5AF7;15.906;0
;;Line;DFK_Ainring$0$DFK_Gebäude;5AF6;5.485;0
;;Line;DFK_Ainring$0$DFK_Gebäude;5AF5;12.9;0
;;Line;DFK_Ainring$0$DFK_Gebäude;5AF2;8.161;0
;;Line;DFK_Ainring$0$DFK_Gebäude;5AF1;10.006;0
;;Line;DFK_Ainring$0$DFK_Gebäude;5AF0;10.006;0
;;Line;DFK_Ainring$0$DFK_Gebäude;5AEA;2.848;0
;;Line;DFK_Ainring$0$DFK_Gebäude;5AE9;2.857;0
;;Line;DFK_Ainring$0$DFK_Gebäude;5AE8;5.233;0
;;Line;DFK_Ainring$0$DFK_Gebäude;5AE7;0.282;0
;;Line;DFK_Ainring$0$DFK_Gebäude;5AE0;1.157;0
;;Line;DFK_Ainring$0$DFK_Gebäude;5ADF;1.222;0
;;Line;DFK_Ainring$0$DFK_Gebäude;5ADE;1.201;0
;;Line;DFK_Ainring$0$DFK_Gebäude;5ADD;1.199;0
;;Line;DFK_Ainring$0$DFK_Gebäude;5ADC;1.143;0
;;Line;DFK_Ainring$0$DFK_Gebäude;5ADB;7.063;0
;;Line;DFK_Ainring$0$DFK_Gebäude;5ADA;11.148;0
;;Line;DFK_Ainring$0$DFK_Gebäude;5AD9;6.323;0
;;Line;DFK_Ainring$0$DFK_Gebäude;5AD8;1.728;0
;;Line;DFK_Ainring$0$DFK_Gebäude;5AD7;2.489;0
;;Line;DFK_Ainring$0$DFK_Gebäude;5AD6;1.636;0
;;Line;DFK_Ainring$0$DFK_Gebäude;5ACE;0.143;0
;;Line;DFK_Ainring$0$DFK_Gebäude;5ACB;2.366;0
;;Line;DFK_Ainring$0$DFK_Gebäude;5ACA;2.974;0
;;Line;DFK_Ainring$0$DFK_Gebäude;5AC9;2.899;0
;;Line;DFK_Ainring$0$DFK_Gebäude;5AC8;5.408;0
;;Line;DFK_Ainring$0$DFK_Gebäude;5AC7;2.987;0
;;Line;DFK_Ainring$0$DFK_Gebäude;5AC2;6.328;0
;;Line;DFK_Ainring$0$DFK_Gebäude;5AC1;7.917;0
;;Line;DFK_Ainring$0$DFK_Gebäude;5AC0;17.478;0
;;Line;DFK_Ainring$0$DFK_Gebäude;5ABF;7.536;0
;;Line;DFK_Ainring$0$DFK_Gebäude;5AB9;2.87;0
;;Line;DFK_Ainring$0$DFK_Gebäude;5AB8;5.489;0
;;Line;DFK_Ainring$0$DFK_Gebäude;5AB7;2.852;0
;;Line;DFK_Ainring$0$DFK_Grenzlinie;5A83;3.435;0
;;Line;DFK_Ainring$0$DFK_Grenzlinie;5A82;2.998;0
;;Line;DFK_Ainring$0$DFK_Grenzlinie;5A81;2.772;0
;;Line;DFK_Ainring$0$DFK_Grenzlinie;5A80;2.808;0
;;Line;DFK_Ainring$0$DFK_Grenzlinie;5A7F;2.785;0
;;Line;DFK_Ainring$0$DFK_Grenzlinie;5A7E;3.008;0
;;Line;DFK_Ainring$0$DFK_Grenzlinie;5A7D;3.16;0
;;Line;DFK_Ainring$0$DFK_Grenzlinie;5A7C;6.953;0
;;Line;DFK_Ainring$0$DFK_Grenzlinie;5A7B;2.401;0
;;Line;DFK_Ainring$0$DFK_Grenzlinie;5A7A;25.123;0
;;Line;DFK_Ainring$0$DFK_Grenzlinie;5A79;0.901;0
;;Line;DFK_Ainring$0$DFK_Grenzlinie;5A78;4.125;0
;;Line;DFK_Ainring$0$DFK_Grenzlinie;5A77;4.771;0
;;Line;DFK_Ainring$0$DFK_Grenzlinie;5A76;5.276;0
;;Line;DFK_Ainring$0$DFK_Grenzlinie;5A75;3.014;0
;;Line;DFK_Ainring$0$DFK_Grenzlinie;5A74;3.193;0
;;Line;DFK_Ainring$0$DFK_Grenzlinie;5A73;6.957;0
;;Line;DFK_Ainring$0$DFK_Grenzlinie;5A72;20.505;0
;;Line;DFK_Ainring$0$DFK_Grenzlinie;5A71;11.92;0
;;Line;DFK_Ainring$0$DFK_Grenzlinie;5A70;30.958;0
;;Line;DFK_Ainring$0$DFK_Grenzlinie;5A6F;2.635;0
;;Line;DFK_Ainring$0$DFK_Grenzlinie;5A6E;31.537;0
;;Line;DFK_Ainring$0$DFK_Grenzlinie;5A6D;9.196;0
;;Line;DFK_Ainring$0$DFK_Grenzlinie;5A6C;36.202;0
;;Line;DFK_Ainring$0$DFK_Grenzlinie;5A6B;18.473;0
;;Line;DFK_Ainring$0$DFK_Grenzlinie;5A6A;7.127;0
;;Line;DFK_Ainring$0$DFK_Grenzlinie;5A69;2.139;0
;;Line;DFK_Ainring$0$DFK_Grenzlinie;5A68;32.042;0
;;Line;DFK_Ainring$0$DFK_Grenzlinie;5A67;16.481;0
;;Line;DFK_Ainring$0$DFK_Grenzlinie;5A66;35.504;0
;;Line;DFK_Ainring$0$DFK_Grenzlinie;5A65;1.091;0
;;Line;DFK_Ainring$0$DFK_Grenzlinie;5A64;15.688;0
;;Line;DFK_Ainring$0$DFK_Grenzlinie;5A63;19.436;0
;;Line;DFK_Ainring$0$DFK_Grenzlinie;5A62;7.877;0
;;Line;DFK_Ainring$0$DFK_Grenzlinie;5A61;5.85;0
;;Line;DFK_Ainring$0$DFK_Grenzlinie;5A60;7.015;0
;;Line;DFK_Ainring$0$DFK_Grenzlinie;5A5F;10.339;0
;;Line;DFK_Ainring$0$DFK_Grenzlinie;5A5E;14.368;0
;;Line;DFK_Ainring$0$DFK_Grenzlinie;5A5D;26.956;0
;;Line;DFK_Ainring$0$DFK_Grenzlinie;5A5C;1.429;0
;;Line;DFK_Ainring$0$DFK_Grenzlinie;5A5B;1.457;0
;;Line;DFK_Ainring$0$DFK_Grenzlinie;5A5A;1.5;0
;;Line;DFK_Ainring$0$DFK_Grenzlinie;5A59;17.644;0
;;Line;DFK_Ainring$0$DFK_Grenzlinie;5A58;1.95;0
;;Line;DFK_Ainring$0$DFK_Grenzlinie;5A57;27.611;0
;;Line;DFK_Ainring$0$DFK_Grenzlinie;5A56;15.158;0
;;Line;DFK_Ainring$0$DFK_Grenzlinie;5A55;12.978;0
;;Line;DFK_Ainring$0$DFK_Grenzlinie;5A54;2.805;0
;;Line;DFK_Ainring$0$DFK_Grenzlinie;5A53;9.375;0
;;Line;DFK_Ainring$0$DFK_Grenzlinie;5A52;7.08;0
;;Line;DFK_Ainring$0$DFK_Grenzlinie;5A51;21.583;0
;;Line;DFK_Ainring$0$DFK_Grenzlinie;5A50;24.437;0
;;Line;DFK_Ainring$0$DFK_Grenzlinie;5A4F;1.032;0
;;Line;DFK_Ainring$0$DFK_Grenzlinie;5A4E;23.37;0
;;Line;DFK_Ainring$0$DFK_Grenzlinie;5A4D;8.779;0
;;Line;DFK_Ainring$0$DFK_Grenzlinie;5A4C;18.682;0
;;Line;DFK_Ainring$0$DFK_Grenzlinie;5A4B;7.2;0
;;Line;DFK_Ainring$0$DFK_Grenzlinie;5A4A;4.442;0
;;Line;DFK_Ainring$0$DFK_Grenzlinie;5A49;3.618;0
;;Line;DFK_Ainring$0$DFK_Grenzlinie;5A48;4.468;0
;;Line;DFK_Ainring$0$DFK_Grenzlinie;5A47;5.234;0
;;Line;DFK_Ainring$0$DFK_Grenzlinie;5A46;7.943;0
;;Line;DFK_Ainring$0$DFK_Grenzlinie;5A45;4.32;0
;;Line;DFK_Ainring$0$DFK_Grenzlinie;5A44;5.404;0
;;Line;DFK_Ainring$0$DFK_Grenzlinie;5A43;4.297;0
;;Line;DFK_Ainring$0$DFK_Grenzlinie;5A42;4.065;0
;;Line;DFK_Ainring$0$DFK_Grenzlinie;5A41;31.452;0
;;Line;DFK_Ainring$0$DFK_Grenzlinie;5A40;2.499;0
;;Line;DFK_Ainring$0$DFK_Grenzlinie;5A3F;3.753;0
;;Line;DFK_Ainring$0$DFK_Grenzlinie;5A3E;17.311;0
;;Line;DFK_Ainring$0$DFK_Grenzlinie;5A3D;32.352;0
;;Line;DFK_Ainring$0$DFK_Grenzlinie;5A3C;8.511;0
;;Line;DFK_Ainring$0$DFK_Grenzlinie;5A3B;33.208;0
;;Line;DFK_Ainring$0$DFK_Grenzlinie;5A3A;7.543;0
;;Line;DFK_Ainring$0$DFK_Grenzlinie;5A39;21.362;0
;;Line;DFK_Ainring$0$DFK_Grenzlinie;5A38;1.366;0
;;Line;DFK_Ainring$0$DFK_Grenzlinie;5A37;10.054;0
;;Line;DFK_Ainring$0$DFK_Grenzlinie;5A36;3.316;0
;;Line;DFK_Ainring$0$DFK_Grenzlinie;5A35;22.618;0
;;Line;DFK_Ainring$0$DFK_Grenzlinie;5A34;7.567;0
;;Line;DFK_Ainring$0$DFK_Grenzlinie;5A33;1.981;0
;;Line;DFK_Ainring$0$DFK_Grenzlinie;5A32;0.233;0
;;Line;DFK_Ainring$0$DFK_Grenzlinie;5A31;1.881;0
;;Line;DFK_Ainring$0$DFK_Grenzlinie;5A30;3.092;0
;;Line;DFK_Ainring$0$DFK_Grenzlinie;5A2F;8.771;0
;;Line;DFK_Ainring$0$DFK_Grenzlinie;5A2E;13.586;0
;;Line;DFK_Ainring$0$DFK_Grenzlinie;5A2D;0.539;0
;;Line;DFK_Ainring$0$DFK_Grenzlinie;5A2C;4.043;0
;;Line;DFK_Ainring$0$DFK_Grenzlinie;5A2B;12.917;0
;;Line;DFK_Ainring$0$DFK_Grenzlinie;5A2A;2.288;0
;;Line;DFK_Ainring$0$DFK_Grenzlinie;5A29;0.986;0
;;Line;DFK_Ainring$0$DFK_Grenzlinie;5A28;3.114;0
;;Line;DFK_Ainring$0$DFK_Grenzlinie;5A27;1.516;0
;;Line;DFK_Ainring$0$DFK_Grenzlinie;5A26;1.667;0
;;Line;DFK_Ainring$0$DFK_Grenzlinie;5A25;2.135;0
;;Line;DFK_Ainring$0$DFK_Grenzlinie;5A24;14.996;0
;;Line;DFK_Ainring$0$DFK_Grenzlinie;5A23;8.546;0
;;Line;DFK_Ainring$0$DFK_Grenzlinie;5A22;7.44;0
;;Line;DFK_Ainring$0$DFK_Grenzlinie;5A21;6.073;0
;;Line;DFK_Ainring$0$DFK_Grenzlinie;5A20;4.838;0
;;Line;DFK_Ainring$0$DFK_Grenzlinie;5A1F;4.931;0
;;Line;DFK_Ainring$0$DFK_Grenzlinie;5A1E;8.492;0
;;Line;DFK_Ainring$0$DFK_Grenzlinie;5A1D;8.074;0
;;Line;DFK_Ainring$0$DFK_Grenzlinie;5A1C;6.672;0
;;Line;DFK_Ainring$0$DFK_Grenzlinie;5A1B;24.496;0
;;Line;DFK_Ainring$0$DFK_Grenzlinie;5A1A;17.96;0
;;Line;DFK_Ainring$0$DFK_Grenzlinie;5A19;60.454;0
;;Line;DFK_Ainring$0$DFK_Grenzlinie;5A18;16.413;0
;;Line;DFK_Ainring$0$DFK_Grenzlinie;5A17;42.001;0
;;Line;DFK_Ainring$0$DFK_Grenzlinie;5A16;6.75;0
;;Line;DFK_Ainring$0$DFK_Grenzlinie;5A15;4.775;0
;;Line;DFK_Ainring$0$DFK_Grenzlinie;5A14;6.72;0
;;Line;DFK_Ainring$0$DFK_Grenzlinie;5A13;3.923;0
;;Line;DFK_Ainring$0$DFK_Grenzlinie;5A12;14.39;0
;;Line;DFK_Ainring$0$DFK_Grenzlinie;5A11;16.493;0
;;Line;DFK_Ainring$0$DFK_Grenzlinie;5A0F;6.723;0
;;Line;DFK_Ainring$0$DFK_Grenzlinie;5A0E;6.695;0
;;Line;DFK_Ainring$0$DFK_Grenzlinie;5A0D;6.153;0
;;Line;DFK_Ainring$0$DFK_Grenzlinie;5A0C;5.137;0
;;Line;DFK_Ainring$0$DFK_Grenzlinie;5A0B;3.451;0
;;Line;DFK_Ainring$0$DFK_Grenzlinie;5A0A;4.623;0
;;Line;DFK_Ainring$0$DFK_Grenzlinie;5A09;4.734;0
;;Line;DFK_Ainring$0$DFK_Grenzlinie;5A08;6.024;0
;;Line;DFK_Ainring$0$DFK_Grenzlinie;5A07;4.405;0
;;Line;DFK_Ainring$0$DFK_Grenzlinie;5A06;6.325;0
;;Line;DFK_Ainring$0$DFK_Grenzlinie;5A05;9.766;0
;;Line;DFK_Ainring$0$DFK_Grenzlinie;5A04;3.548;0
;;Line;DFK_Ainring$0$DFK_Grenzlinie;5A03;11.114;0
;;Line;DFK_Ainring$0$DFK_Grenzlinie;5A02;17.3;0
;;Line;DFK_Ainring$0$DFK_Grenzlinie;5A01;11.015;0
;;Line;DFK_Ainring$0$DFK_Grenzlinie;5A00;5.477;0
;;Line;DFK_Ainring$0$DFK_Grenzlinie;59FF;17.943;0
;;Line;DFK_Ainring$0$DFK_Grenzlinie;59FE;14.181;0
;;Line;DFK_Ainring$0$DFK_Grenzlinie;59FD;6.06;0
;;Line;DFK_Ainring$0$DFK_Grenzlinie;59FC;14.228;0
;;Line;DFK_Ainring$0$DFK_Grenzlinie;59FB;5.577;0
;;Line;DFK_Ainring$0$DFK_Grenzlinie;59FA;1.894;0
;;Line;DFK_Ainring$0$DFK_Grenzlinie;59F9;2.573;0
;;Line;DFK_Ainring$0$DFK_Grenzlinie;59F8;2.94;0
;;Line;DFK_Ainring$0$DFK_Grenzlinie;59F7;6.953;0
;;Line;DFK_Ainring$0$DFK_Grenzlinie;59F6;7.083;0
;;Line;DFK_Ainring$0$DFK_Grenzlinie;59F5;22.312;0
;;Line;DFK_Ainring$0$DFK_Grenzlinie;59F4;2.444;0
;;Line;DFK_Ainring$0$DFK_Grenzlinie;59F3;3.887;0
;;Line;DFK_Ainring$0$DFK_Grenzlinie;59F2;2.369;0
;;Line;DFK_Ainring$0$DFK_Grenzlinie;59F1;2.412;0
;;Line;DFK_Ainring$0$DFK_Grenzlinie;59F0;2.016;0
;;Line;DFK_Ainring$0$DFK_Grenzlinie;59EF;1.787;0
;;Line;DFK_Ainring$0$DFK_Grenzlinie;59EE;1.802;0
;;Line;DFK_Ainring$0$DFK_Grenzlinie;59ED;50.36;0
;;Line;DFK_Ainring$0$DFK_Grenzlinie;59EC;43.35;0
;;Line;DFK_Ainring$0$DFK_Grenzlinie;59EB;2;0
;;Line;DFK_Ainring$0$DFK_Grenzlinie;59EA;43.402;0
;;Line;DFK_Ainring$0$DFK_Grenzlinie;59E9;50.229;0
;;Line;DFK_Ainring$0$DFK_Grenzlinie;59E8;2.542;0
;;Line;DFK_Ainring$0$DFK_Grenzlinie;59E7;2.527;0
;;Line;DFK_Ainring$0$DFK_Grenzlinie;59E6;2.628;0
;;Line;DFK_Ainring$0$DFK_Grenzlinie;59E5;2.888;0
;;Line;DFK_Ainring$0$DFK_Grenzlinie;59E4;14.678;0
;;Line;DFK_Ainring$0$DFK_Grenzlinie;59E3;1.816;0
;;Line;DFK_Ainring$0$DFK_Grenzlinie;59E2;1.865;0
;;Line;DFK_Ainring$0$DFK_Grenzlinie;59E1;14.04;0
;;Line;DFK_Ainring$0$DFK_Grenzlinie;59E0;0.255;0
;;Line;DFK_Ainring$0$DFK_Grenzlinie;59DF;10.696;0
;;Line;DFK_Ainring$0$DFK_Grenzlinie;59DE;8.997;0
;;Line;DFK_Ainring$0$DFK_Grenzlinie;59DD;14.037;0
;;Line;DFK_Ainring$0$DFK_Grenzlinie;59DC;12.245;0
;;Line;DFK_Ainring$0$DFK_Grenzlinie;59DB;23.337;0
;;Line;DFK_Ainring$0$DFK_Grenzlinie;59DA;2.414;0
;;Line;DFK_Ainring$0$DFK_Grenzlinie;59D9;28.7;0
;;Line;DFK_Ainring$0$DFK_Grenzlinie;59D8;24.884;0
;;Line;DFK_Ainring$0$DFK_Grenzlinie;59D7;2.001;0
;;Line;DFK_Ainring$0$DFK_Grenzlinie;59D6;19.13;0
;;Line;DFK_Ainring$0$DFK_Grenzlinie;59D5;2.449;0
;;Line;DFK_Ainring$0$DFK_Grenzlinie;59D4;3.305;0
;;Line;DFK_Ainring$0$DFK_Grenzlinie;59D3;2.433;0
;;Line;DFK_Ainring$0$DFK_Grenzlinie;59D2;3.666;0
;;Line;DFK_Ainring$0$DFK_Grenzlinie;59D1;4.642;0
;;Line;DFK_Ainring$0$DFK_Grenzlinie;59D0;11.832;0
;;Line;DFK_Ainring$0$DFK_Grenzlinie;59CF;9.438;0
;;Line;DFK_Ainring$0$DFK_Grenzlinie;59CE;9.037;0
;;Line;DFK_Ainring$0$DFK_Grenzlinie;59CD;9.755;0
;;Line;DFK_Ainring$0$DFK_Grenzlinie;59CC;1.397;0
;;Line;DFK_Ainring$0$DFK_Grenzlinie;59CB;15.134;0
;;Line;DFK_Ainring$0$DFK_Grenzlinie;59CA;9.025;0
;;Line;DFK_Ainring$0$DFK_Grenzlinie;59C9;13.767;0
;;Line;DFK_Ainring$0$DFK_Grenzlinie;59C8;28.107;0
;;Line;DFK_Ainring$0$DFK_Grenzlinie;59C7;24.26;0
;;Line;DFK_Ainring$0$DFK_Grenzlinie;59C6;8.014;0
;;Line;DFK_Ainring$0$DFK_Grenzlinie;59C5;12.257;0
;;Line;DFK_Ainring$0$DFK_Grenzlinie;59C4;17.186;0
;;Line;DFK_Ainring$0$DFK_Grenzlinie;59C3;14.288;0
;;Line;DFK_Ainring$0$DFK_Grenzlinie;59C2;20.52;0
;;Line;DFK_Ainring$0$DFK_Grenzlinie;59C1;0.591;0
;;Line;DFK_Ainring$0$DFK_Grenzlinie;59C0;6.982;0
;;Line;DFK_Ainring$0$DFK_Grenzlinie;59BF;10.081;0
;;Line;DFK_Ainring$0$DFK_Grenzlinie;59BE;0.098;0
;;Line;DFK_Ainring$0$DFK_Grenzlinie;59BD;1.343;0
;;Line;DFK_Ainring$0$DFK_Grenzlinie;59BC;8.091;0
;;Line;DFK_Ainring$0$DFK_Grenzlinie;59BB;6.002;0
;;Line;DFK_Ainring$0$DFK_Grenzlinie;59BA;20.358;0
;;Line;DFK_Ainring$0$DFK_Grenzlinie;59B9;4.314;0
;;Line;DFK_Ainring$0$DFK_Grenzlinie;59B8;8.125;0
;;Line;DFK_Ainring$0$DFK_Grenzlinie;59B7;13.034;0
;;Line;DFK_Ainring$0$DFK_Grenzlinie;59B6;15.812;0
;;Line;DFK_Ainring$0$DFK_Grenzlinie;59B5;12.307;0
;;Line;DFK_Ainring$0$DFK_Grenzlinie;59B4;2.32;0
;;Line;DFK_Ainring$0$DFK_Grenzlinie;59B3;10.503;0
;;Line;DFK_Ainring$0$DFK_Grenzlinie;59B2;12.402;0
;;Line;DFK_Ainring$0$DFK_Grenzlinie;59B1;9.89;0
;;Line;DFK_Ainring$0$DFK_Grenzlinie;59B0;7.422;0
;;Line;DFK_Ainring$0$DFK_Grenzlinie;59AF;7.359;0
;;Line;DFK_Ainring$0$DFK_Grenzlinie;59AE;8.031;0
;;Line;DFK_Ainring$0$DFK_Grenzlinie;59AD;5.56;0
;;Line;DFK_Ainring$0$DFK_Grenzlinie;59AC;1.495;0
;;Line;DFK_Ainring$0$DFK_Grenzlinie;59AB;31.151;0
;;Line;DFK_Ainring$0$DFK_Grenzlinie;59AA;17.746;0
;;Line;DFK_Ainring$0$DFK_Grenzlinie;59A9;5.003;0
;;Line;DFK_Ainring$0$DFK_Grenzlinie;59A8;2.017;0
;;Line;DFK_Ainring$0$DFK_Grenzlinie;59A7;2.086;0
;;Line;DFK_Ainring$0$DFK_Grenzlinie;59A6;2.714;0
;;Line;DFK_Ainring$0$DFK_Grenzlinie;59A5;18.42;0
;;Line;DFK_Ainring$0$DFK_Grenzlinie;59A4;6.839;0
;;Line;DFK_Ainring$0$DFK_Grenzlinie;59A3;9.224;0
;;Line;DFK_Ainring$0$DFK_Grenzlinie;59A2;6.812;0
;;Line;DFK_Ainring$0$DFK_Grenzlinie;59A1;10.909;0
;;Line;DFK_Ainring$0$DFK_Grenzlinie;59A0;0.84;0
;;Line;0;599B;4;0
;;Polyline2d;F_Bankett;5990;19.314;0
;;Polyline2d;F_Bankett;5988;17.757;0
;;Polyline2d;0;5982;2.4;0
;;Polyline2d;F_Humusfläche_4;596B;72.001;0
;;Polyline;F_2zeiler_Granit;596A;22.496;0
;;Polyline;F_Plaster_ausbau;5950;20.268;10.732
